-- phpMyAdmin SQL Dump
-- version 5.1.1
-- https://www.phpmyadmin.net/
--
-- Host: localhost
-- Generation Time: Apr 01, 2022 at 01:05 PM
-- Server version: 10.4.21-MariaDB
-- PHP Version: 8.1.2

SET SQL_MODE = "NO_AUTO_VALUE_ON_ZERO";
START TRANSACTION;
SET time_zone = "+00:00";


/*!40101 SET @OLD_CHARACTER_SET_CLIENT=@@CHARACTER_SET_CLIENT */;
/*!40101 SET @OLD_CHARACTER_SET_RESULTS=@@CHARACTER_SET_RESULTS */;
/*!40101 SET @OLD_COLLATION_CONNECTION=@@COLLATION_CONNECTION */;
/*!40101 SET NAMES utf8mb4 */;

--
-- Database: `test`
--

-- --------------------------------------------------------

--
-- Table structure for table `catalog_id`
--

CREATE TABLE `catalog_id` (
  `id` int(11) NOT NULL,
  `nameTH` varchar(255) NOT NULL,
  `nameEN` varchar(255) DEFAULT NULL,
  `type` int(11) DEFAULT NULL
) ENGINE=InnoDB DEFAULT CHARSET=utf8mb4;

--
-- Dumping data for table `catalog_id`
--

INSERT INTO `catalog_id` (`id`, `nameTH`, `nameEN`, `type`) VALUES
(1, 'ขอร้อง MIS', 'ขอร้อง MIS', NULL),
(2, 'ขอร้อง NAV', 'ขอร้อง NAV', NULL),
(3, 'ขอร้อง POS', 'ขอร้อง POS', NULL),
(4, 'ขอร้องอื่นๆ', 'ขอร้องอื่นๆ', NULL),
(5, 'แจ้งปัญหา', 'แจ้งปัญหา', NULL),
(6, 'test1', 'test1', NULL);

-- --------------------------------------------------------

--
-- Table structure for table `employee`
--

CREATE TABLE `employee` (
  `id` int(255) NOT NULL,
  `employee_code` varchar(255) DEFAULT NULL,
  `position` varchar(255) DEFAULT NULL,
  `section` varchar(255) DEFAULT NULL,
  `branch` varchar(255) DEFAULT NULL,
  `status` varchar(255) DEFAULT NULL,
  `start_date` date DEFAULT NULL,
  `prefix` varchar(255) DEFAULT NULL,
  `nameTH` varchar(255) DEFAULT NULL,
  `title` varchar(255) DEFAULT NULL,
  `nameEN` varchar(255) DEFAULT NULL,
  `nickname` varchar(255) DEFAULT NULL,
  `email` varchar(255) DEFAULT NULL,
  `password` varchar(255) DEFAULT NULL,
  `tel` varchar(20) NOT NULL,
  `type` varchar(255) DEFAULT NULL,
  `statuss` int(11) DEFAULT 0
) ENGINE=InnoDB DEFAULT CHARSET=utf8;

--
-- Dumping data for table `employee`
--

INSERT INTO `employee` (`id`, `employee_code`, `position`, `section`, `branch`, `status`, `start_date`, `prefix`, `nameTH`, `title`, `nameEN`, `nickname`, `email`, `password`, `tel`, `type`, `statuss`) VALUES
(1, 'SP0001', 'ประธานกรรมการบริหาร', 'ฝ่ายบริหาร', 'HQ', 'Online', '2017-12-31', 'นายแพทย์', 'สิทธวีร์ เกียรติชวนันต์', 'Dr.', 'Sitthawee Kriatchawanun', 'คุณหมอ', 'dr.sitthawee@successmore.com', 'Scm#1234', '0', '', 0),
(2, 'SM0002', 'ประธานเจ้าหน้าที่บริหาร', 'ฝ่ายบริหาร', 'HQ', 'Online', '2013-03-01', 'นาย', 'นพกฤษฏิ์ นิธิเลิศวิจิตร', 'Mr.', 'Noppakrit Nithilertvijit', 'คุณนพ', 'noppakrit@successmore.com', 'Scm#1234', '0', '', 0),
(3, 'SM0025', 'ผอ.สายงานบริหารคลังสินค้า', 'ฝ่ายบริหาร', 'HQ', 'Resign', '2014-03-01', 'นางสาว', 'ลำพู ศรีโสภา', 'Miss', 'Lamphoo Srisopa', 'พู', 'lamphoo@successmore.com', 'Scm#1234', '0', '', 0),
(4, 'SM0299', 'ผอ.สายงานอำนวยการ', 'ฝ่ายบริหาร', 'HQ', 'Online', '2016-02-23', 'นาย', 'ณิชกุล ก้องภวิศฐากูร', 'Mr.', 'Nitchakul Kongphawitthakul', 'ยอร์ช', 'Nitchakul.K@successmore.com', 'Scm#1234', '0', '', 0),
(5, 'SM0329', 'หัวหน้าแผนกการตลาด', 'ฝ่ายการตลาด', 'HQ', 'Online', '2014-07-21', 'นางสาว', 'จรัญยา กิจสงวน', 'Miss', 'Jarunya Kitsanguan', 'แพนกี้', 'jarunya@successmore.com', 'Scm#1234', '0', '', 0),
(6, 'SM0397', 'เลขานุการบริษัท', 'ฝ่ายนักลงทุนสัมพันธ์', 'HQ', 'Online', '2020-08-24', 'นาง', 'ธาริกา ฐานณกรวัชร์', 'Mrs.', 'Tharika Thannakornwat', 'เจี๊ยบ', 'Tharika.T@successmore.com', 'Scm#1234', '0', '', 0),
(7, 'SL0009', 'เจ้าหน้าที่', 'ฝ่ายผลิต', 'ลาดกระบัง', 'Resign', '2016-06-06', 'นาย', 'กรจิรพงศ์ เอกปุณณวรรธณ์', 'Mr.', 'konjiraphong ekppunnawat', 'ฟลุ๊ค', '#N/A', 'Scm#1234', '0', '', 0),
(8, 'SM0408', 'เจ้าหน้าที่', 'ฝ่ายบริหารคลังสินค้า', 'ลาดกระบัง', 'Resign', '2017-03-06', 'นางสาว', 'ลลิตา อันนับ', 'Miss', 'Lalita Annub', 'มะห์', 'Lalita.A@successmore.com', 'Scm#1234', '0', '', 0),
(9, 'SM0409', 'เจ้าหน้าที่', 'ฝ่ายบริหารคลังสินค้า', 'ลาดกระบัง', 'Online', '2017-08-23', 'นาง', 'ขวัญเรือน เครือแวงมล', 'Mrs.', 'Khwanruean Khrueawaengmon', 'ขวัญ', 'Khwanruean.K@successmore.com', 'Scm#1234', '0', '', 0),
(10, 'SL0020', 'เจ้าหน้าที่ชงกาแฟ', 'ฝ่ายทรัพยากรบุคคล', 'HQ', 'Online', '2020-07-01', 'นางสาว', 'นิพาดา จุธาทิรัตน์', 'Miss', 'Nipada Juthathirat ', 'นิ', 'Nipada.J@successmore.com', 'Scm#1234', '0', '', 0),
(11, 'SL0021', 'เจ้าหน้าที่ชงกาแฟ', 'ฝ่ายทรัพยากรบุคคล', 'HQ', 'Online', '2020-08-20', 'นาย', 'ณัฐพันธุ์ คำมูล', 'Mr.', 'Nuttapan kummoon', 'เฟรม', 'Nuttapan.K@successmore.com', 'Scm#1234', '0', '', 0),
(12, 'SM0005', 'เจ้าหน้าที่', 'ฝ่ายบริหารคลังสินค้า', 'ลาดกระบัง', 'Online', '2013-03-01', 'นาย', 'สิทธิโชค ดุลหลัง', 'Mr.', 'Sitthichok Dunlang', 'บี้', 'Sitthichok.D@successmore.com', 'Scm#1234', '0', '', 0),
(13, 'SM0006', 'เจ้าหน้าที่คลังสินค้า', 'ฝ่ายบริหารสาขา', 'รัชโยธิน', 'Online', '2013-03-01', 'นาย', 'อติโรจน์ บารมี', 'Mr.', 'atiroj baramee', 'ตั๊ก', 'atiroj@successmore.com', 'Scm#1234', '0', '', 0),
(14, 'SM0008', 'เจ้าหน้าที่คลังสินค้า', 'ฝ่ายบริหารสาขา', 'หาดใหญ่', 'Online', '2013-04-01', 'นาย', 'สมศักดิ์ วงค์ญาติ', 'Mr.', 'Somsak Wongyad', 'สม', 'somsak@successmore.com', 'Scm#1234', '0', '', 0),
(15, 'SM0010', 'หัวหน้าแผนกอาวุโส', 'ฝ่ายบริหารคลังสินค้า', 'ลาดกระบัง', 'Online', '2013-05-01', 'นางสาว', 'อุษณี เสสูงเนิน', 'Miss', 'Ausanee Sesoongnern', 'แอน', 'ausanee@successmore.com', 'Scm#1234', '0', '', 0),
(16, 'SM0014', 'หัวหน้าบริการลูกค้า', 'ฝ่ายบริหารสาขา', 'อุดรธานี', 'Online', '2013-09-01', 'นางสาว', 'ธัชณันต์ สุขอ้วน', 'Mrs.', 'Thachanan Sukouan', 'รำ', 'thachanan@successmore.com', 'Scm#1234', '0', '', 0),
(17, 'SM0020', 'หัวหน้าบริการลูกค้า', 'ฝ่ายบริหารสาขา', 'นวนคร', 'Online', '2014-01-01', 'นาย', 'ภิญญูวิญญ์ ชูกิจสิทธิโรจน์', 'Mr.', 'Pinyuwin Chukitsittiroet', 'บิน', 'pinyuwin@successmore.com', 'Scm#1234', '0', '', 0),
(18, 'SM0024', 'เจ้าหน้าที่', 'ฝ่ายนักลงทุนสัมพันธ์', 'HQ', 'Online', '2014-02-01', 'นางสาว', 'สวินดา จารุวิภาต', 'Miss', 'Sawinda Charuwiphart', 'จิ๊ปปี้', 'sawinda@successmore.com', 'Scm#1234', '0', '', 0),
(19, 'SM0028', 'หัวหน้าบริการลูกค้า', 'ฝ่ายบริหารสาขา', 'อยุธยา', 'Online', '2014-03-23', 'นางสาว', 'ณิชนันทน์ เย็นประเสริฐ', 'Miss', 'Nichanan Yenprasert', 'ลูกศร', 'Nichanan.Y@successmore.com', 'Scm#1234', '0', '', 0),
(20, 'SM0035', 'หัวหน้าเจ้าหน้าที่ทำความสะอาด', 'ฝ่ายทรัพยากรบุคคล', 'HQ', 'Online', '2014-05-31', 'นางสาว', 'รัตนา อินทะนัย', 'Miss', 'Ruttana Intanai', 'หมวย', '#N/A', 'Scm#1234', '0', '', 0),
(21, 'SM0036', 'หัวหน้าบริการลูกค้า', 'ฝ่ายบริหารสาขา', 'จันทบุรี', 'Resign', '2014-06-23', 'นางสาว', 'แพรวประกาย ห้วนอำพร', 'Miss', 'Praewprakay Haunumporn', 'ปิ๋ว', 'praewprakay@successmore.com', 'Scm#1234', '0', '', 0),
(22, 'SM0039', 'ผู้ช่วยหัวหน้าแผนก', 'ฝ่ายทรัพยากรบุคคล', 'HQ', 'Online', '2014-07-15', 'นาย', 'วีระ วีระเสถียร', 'Mr.', 'Wira wirasathian ', 'อุ๊', 'Wira.W@successmore.com', 'Scm#1234', '0', '', 0),
(23, 'SM0044', 'หัวหน้าบริการลูกค้า', 'ฝ่ายบริหารสาขา', 'หาดใหญ่', 'Resign', '2014-07-29', 'นางสาว', 'ผกาทิพย์ เพชรบูลย์', 'Miss', 'Pakatip petchboon', 'พลอย', 'pakatip@successmore.com', 'Scm#1234', '0', '', 0),
(24, 'SM0056', 'หัวหน้าบริการลูกค้า', 'ฝ่ายบริหารสาขา', 'มหาชัย', 'Online', '2014-09-06', 'นางสาว', 'มณีรัตน์ พูลทรัพย์', 'Miss', 'Maneerat poonsab', 'แตน', 'maneerat@successmore.com', 'Scm#1234', '0', '', 0),
(25, 'SM0063', 'เจ้าหน้าที่บริการลูกค้า', 'ฝ่ายบริหารสาขา', 'นครศรีธรรมราช', 'Online', '2014-10-01', 'นาย', 'พิพัฒนพล ชาติพงศ์', 'Mr.', 'Pipattanapon Chatpong', 'เฟียต', 'pipattanapon@successmore.com', 'Scm#1234', '0', '', 0),
(26, 'SM0073', 'เจ้าหน้าที่', 'ฝ่ายบริหารคลังสินค้า', 'ลาดกระบัง', 'Online', '2014-12-15', 'นางสาว', 'สมหมาย นำตาบอน', 'Miss', 'Sommai Numtabon', 'หมาย', 'Sommai.N@successmore.com', 'Scm#1234', '0', '', 0),
(27, 'SM0077', 'เจ้าหน้าที่บริการลูกค้า', 'ฝ่ายบริหารสาขา', 'สุราษฎร์ธานี', 'Online', '2015-02-17', 'นางสาว', 'นัฎฐิกา นาคประดิษฐ์', 'Miss', 'Nattiga Nakpradid', 'ตาร์', 'nattiga@successmore.com', 'Scm#1234', '0', '', 0),
(28, 'SM0087', 'เจ้าหน้าที่คลังสินค้า', 'ฝ่ายบริหารสาขา', 'พิษณุโลก', 'Online', '2015-04-01', 'นาย', 'ชัยวุธ อ่อนพรม', 'Mr.', 'Chaiwut onprom', 'เอ', 'chaiwut@successmore.com', 'Scm#1234', '0', '', 0),
(29, 'SM0090', 'เจ้าหน้าที่บริการลูกค้า', 'ฝ่ายบริหารสาขา', 'หาดใหญ่', 'Online', '2015-04-18', 'นาง', 'อังสุมา สารเจริญ', 'Mrs.', 'Angsuma Sancharoen', 'อัง', 'aungsuma@successmore.com', 'Scm#1234', '0', '', 0),
(30, 'SM0093', 'หัวหน้าบริการลูกค้า', 'ฝ่ายบริหารสาขา', 'เชียงใหม่', 'Online', '2015-05-02', 'นางสาว', 'อรุณกมล โชคอำนวยกูล', 'Miss', 'Arunkamon Chokumnuaykoon', 'ยุ้ย', 'arunkamon@successmore.com', 'Scm#1234', '0', '', 0),
(31, 'SM0094', 'หัวหน้าบริการลูกค้า', 'ฝ่ายบริหารสาขา', 'รัชโยธิน', 'Online', '2015-05-07', 'นาง', 'วารินทร์ อินทราวุธ', 'Miss', 'Warin Intarawhud', 'รินทร์', 'warin@successmore.com', 'Scm#1234', '0', '', 0),
(32, 'SM0098', 'หัวหน้าแผนก', 'ฝ่ายบริหารคลังสินค้า', 'ลาดกระบัง', 'Online', '2015-06-01', 'นาย', 'วสันต์ ปั้นบุญชู', 'Mr.', 'Wasan Panboonchuh ', 'จอม', 'wasan@successmore.com', 'Scm#1234', '0', '', 0),
(33, 'SM0104', 'ผช.ผจก.ฝ่ายกำกับดูแลกิจการ', 'ฝ่ายกำกับดูแลกิจการ', 'HQ', 'Online', '2015-07-20', 'นาย', 'อัมรินทร์ สุทัศน์ ณ อยุธยา', 'Mr.', 'Ammarin Sutat Na Ayutthaya', 'เพชร', 'ammarin@successmore.com', 'Scm#1234', '0', '', 0),
(34, 'SM0105', 'หัวหน้าบริการลูกค้า', 'ฝ่ายบริหารสาขา', 'นราธิวาส', 'Online', '2015-07-20', 'นาย', 'นพภวัฒน์ ฐิติวสุภูวนนท์', 'Mr.', 'Nopphawat Thitiwasuphuwanon', 'หลุยส์', 'Nopphawat@successmore.com', 'Scm#1234', '0', '', 0),
(35, 'SM0107', 'หัวหน้าบริการลูกค้า', 'ฝ่ายบริหารสาขา', 'ชุมพร', 'Online', '2015-07-20', 'นาย', 'นันทชัย พรหมศรี', 'Mr.', 'Nantchai pormsri', 'แชมป์', 'nantchai@successmore.com', 'Scm#1234', '0', '', 0),
(36, 'SM0109', 'เจ้าหน้าที่บริการลูกค้า', 'ฝ่ายบริหารสาขา', 'ชุมพร', 'Resign', '2015-07-20', 'นางสาว', 'ชไมพร พัฒวิเชียร', 'Miss', 'Chamaiphon Phatwichean', 'มิ้ม', 'chamaipon@successmore.com', 'Scm#1234', '0', '', 0),
(37, 'SM0114', 'เจ้าหน้าที่บริการลูกค้า', 'ฝ่ายบริหารสาขา', 'มหาชัย', 'Online', '2015-08-31', 'นางสาว', 'อสรา ศรีปัญหา', 'Miss', 'Asara Sripanha', 'โอ', 'asara@successmore.com', 'Scm#1234', '0', '', 0),
(38, 'SM0127', 'หัวหน้าบริการลูกค้า', 'ฝ่ายบริหารสาขา', 'อุบลราชธานี', 'Resign', '2015-12-02', 'นางสาว', 'วิชญาดา สมคิด', 'Miss', 'Witchayada Somkid', 'เอ', 'witchayada@successmore.com', 'Scm#1234', '0', '', 0),
(39, 'SM0133', 'เจ้าหน้าที่คลังสินค้า', 'ฝ่ายบริหารสาขา', 'สุราษฎร์ธานี', 'Online', '2016-02-09', 'นาย', 'ณัฐวุฒิ ชูช่วย', 'Mr.', 'Nuttawut Chuchuay', 'อาร์ม', 'Nuttawut@successmore.com', 'Scm#1234', '0', '', 0),
(40, 'SM0139', 'เจ้าหน้าที่', 'ฝ่ายบริหารคลังสินค้า', 'ลาดกระบัง', 'Resign', '2016-03-10', 'นาย', 'สุรศักดิ์ องอาจ', 'Mr.', 'Surasak Ongart', 'แบงค์', '#N/A', 'Scm#1234', '0', '', 0),
(41, 'SM0141', 'เจ้าหน้าที่บริการลูกค้า', 'ฝ่ายบริหารสาขา', 'รัชโยธิน', 'Online', '2016-03-25', 'นางสาว', 'วรรณชารัตน์ จันทรา', 'Miss', 'Wancharat Jantra', 'ต่าย', 'wancharat@successmore.com', 'Scm#1234', '0', '', 0),
(42, 'SM0144', 'หัวหน้าบริการลูกค้า', 'ฝ่ายบริหารสาขา', 'ชลบุรี', 'Online', '2016-04-21', 'นาย', 'ชนนน ศรีใส', 'Mr.', 'Chananon srisai', 'ชล', 'Chananon@successmore.com', 'Scm#1234', '0', '', 0),
(43, 'SM0145', 'ผู้จัดการฝ่ายการเงิน', 'ฝ่ายการเงิน', 'HQ', 'Online', '2016-05-03', 'นางสาว', 'ชัญณัชชา แก้วศุภหิรัญ', 'Miss', 'CHANNUTCHA KAEWSUPHAHIRUN', 'นก', 'channutcha@successmore.com', 'Scm#1234', '0', '', 0),
(44, 'SM0146', 'หัวหน้าแผนกทรัพยากรบุคคล', 'ฝ่ายทรัพยากรบุคคล', 'HQ', 'Online', '2016-05-03', 'นาย', 'ศุภกร งอนสระน้อย', 'Mr.', 'Supakon Ngonsanoi', 'ฟิวส์', 'supakon@successmore.com', 'Scm#1234', '0', '', 0),
(45, 'SM0148', 'เจ้าหน้าที่บริการข้อมูลลูกค้า', 'ฝ่ายบริการข้อมูลและสมาชิกสัมพันธ์', 'HQ', 'Online', '2016-05-03', 'นางสาว', 'ปนันต์นัธ ธนันท์ธนนัตถ์', 'Miss', 'Phanunnuth Tananthananast', 'โบตั๋น', 'Phanunnuth.T@successmore.com', 'Scm#1234', '0', '', 0),
(46, 'SM0149', 'เจ้าหน้าที่', 'ฝ่ายบริหารคลังสินค้า', 'ลาดกระบัง', 'Online', '2016-05-03', 'นางสาว', 'นุชนารถ พลแสน', 'Miss', 'Nutchanat Phonsan', 'เปิ้ล', 'nutchanat@successmore.com', 'Scm#1234', '0', '', 0),
(47, 'SM0154', 'หัวหน้าบริการลูกค้า', 'ฝ่ายบริหารสาขา', 'รัชโยธิน', 'Online', '2016-05-16', 'นางสาว', 'วาสนา วงศ์สุวัฒน์', 'Miss', 'Wassana Wongsuwat', 'เอื้อย', 'wassana@successmore.com', 'Scm#1234', '0', '', 0),
(48, 'SM0156', 'เจ้าหน้าที่บริการข้อมูลลูกค้า', 'ฝ่ายบริการข้อมูลและสมาชิกสัมพันธ์', 'HQ', 'Online', '2016-05-23', 'นางสาว', 'วรกัญญา บรรณกิจ', 'Miss', 'Worrakanya Bannakit', 'พอมแพม', 'Worrakanya@successmore.com', 'Scm#1234', '0', '', 0),
(49, 'SM0157', 'เจ้าหน้าที่คลังสินค้า', 'ฝ่ายบริหารสาขา', 'รัชโยธิน', 'Resign', '2016-05-26', 'นาย', 'ประเสริฐ​ แสง​ใส​', 'Mr.', 'Prasert​ Saengsai', 'เบิร์ด', 'prasert@successmore.com', 'Scm#1234', '0', '', 0),
(50, 'SM0158', 'เจ้าหน้าที่', 'ฝ่ายบริหารคลังสินค้า', 'ลาดกระบัง', 'Online', '2016-06-13', 'นาย', 'อนนท์ อรุณ', 'Mr.', 'Anon Arun', 'นนท์', 'Anon.A@successmore.com', 'Scm#1234', '0', '', 0),
(51, 'SM0159', 'หัวหน้าบริการลูกค้า', 'ฝ่ายบริหารสาขา', 'นครศรีธรรมราช', 'Online', '2016-06-20', 'นาย', 'ศิโรจน์ หมื่นระยาภักดี', 'Mr.', 'Siroj Munerayapakdee', 'หนึ่ง', 'siroj@successmore.com', 'Scm#1234', '0', '', 0),
(52, 'SM0164', 'หัวหน้าบริการลูกค้า', 'ฝ่ายบริหารสาขา', 'นครสวรรค์', 'Online', '2016-07-06', 'นางสาว', 'ปัทมวรรณ ตุ้มเงิน', 'Miss', 'pattamawan tumngoen', 'อุ๋ย', 'patthamawan@successmore.com', 'Scm#1234', '0', '', 0),
(53, 'SM0166', 'เจ้าหน้าที่บริการลูกค้า', 'ฝ่ายบริหารสาขา', 'อุบลราชธานี', 'Online', '2016-07-20', 'นางสาว', 'อุไรวรรณ ชาประวัง', 'Miss', 'Uraiwan Chaprawang', 'บี', 'uraiwan@successmore.com', 'Scm#1234', '0', '', 0),
(54, 'SM0168', 'เจ้าหน้าที่', 'ฝ่ายบริหารคลังสินค้า', 'ลาดกระบัง', 'Online', '2016-08-04', 'นางสาว', 'อารีดา สิทธิจินดา', 'Miss', 'Areeda Sittichinda', 'กิ๊ก', 'Areeda.S@successmore.com', 'Scm#1234', '0', '', 0),
(55, 'SM0178', 'เจ้าหน้าที่', 'ฝ่ายบริหารคลังสินค้า', 'ลาดกระบัง', 'Resign', '2016-10-04', 'นาย', 'สถาพร​ นุช​นารถ', 'Mr.', 'Sataporn​ Nuchanat', 'เอ้', 'Sataporn.N@successmore.com', 'Scm#1234', '0', '', 0),
(56, 'SM0180', 'เจ้าหน้าที่บริการลูกค้า', 'ฝ่ายบริหารสาขา', 'พิษณุโลก', 'Online', '2016-10-09', 'นางสาว', 'ฉันทัสยา หมู่อุบล', 'Miss', 'Chantassaya Mu-bon', 'อาย', 'chantassaya@successmore.com', 'Scm#1234', '0', '', 0),
(57, 'SM0194', 'ผู้ช่วยผู้จัดการฝ่ายบัญชี', 'ฝ่ายบัญชี', 'HQ', 'Online', '2017-01-09', 'นางสาว', 'นิภาพร แสนงาม', 'Miss', 'nipaporn saenngam', 'ปีใหม่', 'nipaporn@successmore.com', 'Scm#1234', '0', '', 0),
(58, 'SM0196', 'เจ้าหน้าที่บริการลูกค้า', 'ฝ่ายบริหารสาขา', 'นครสวรรค์', 'Online', '2017-01-09', 'นางสาว', 'ลลิตา มะโน', 'Miss', 'LALITA MANO', 'บี', 'lalita@successmore.com', 'Scm#1234', '0', '', 0),
(59, 'SM0201', 'เจ้าหน้าที่คลังสินค้า', 'ฝ่ายบริหารสาขา', 'เชียงใหม่', 'Resign', '2017-02-21', 'นาย', 'ชัช ปรึกษา', 'Mr.', 'Chuch Phuksar', 'เจ', 'chuch@successmore.com', 'Scm#1234', '0', '', 0),
(60, 'SM0203', 'เจ้าหน้าที่บริการลูกค้า', 'ฝ่ายบริหารสาขา', 'ขอนแก่น', 'Resign', '2017-03-01', 'นางสาว', 'ชุติมา บุราณรมย์', 'Miss', 'Chutima Buranrom', 'โบว์', 'chutima@successmore.com', 'Scm#1234', '0', '', 0),
(61, 'SM0207', 'เจ้าหน้าที่บริการลูกค้า', 'ฝ่ายบริหารสาขา', 'รัชโยธิน', 'Resign', '2017-04-03', 'นางสาว', 'กมลพรรณ บมขุนทด', 'Miss', 'Kamonpun Bomkhuntod', 'แนนนี่', 'kamonpun@successmore.com', 'Scm#1234', '0', '', 0),
(62, 'SM0211', 'หัวหน้าบริการลูกค้า', 'ฝ่ายบริหารสาขา', 'พัทยา', 'Online', '2017-05-02', 'นางสาว', 'นุชนาถ แก้วพฤกษ์', 'Miss', 'Nutchanart Keaopruk', 'นาถ', 'nutchanart@successmore.com', 'Scm#1234', '0', '', 0),
(63, 'SM0222', 'เจ้าหน้าที่คลังสินค้า', 'ฝ่ายบริหารสาขา', 'พัทยา', 'Online', '2017-06-06', 'นาย', 'ธนัท คณิศร์กุล', 'Mr.', 'Thanat Kanitkul', 'โดม', 'thanat@successmore.com', 'Scm#1234', '0', '', 0),
(64, 'SM0228', 'เจ้าหน้าที่บริการลูกค้า', 'ฝ่ายบริหารสาขา', 'ระยอง', 'Online', '2017-06-27', 'นางสาว', 'นฤมล มหานาม', 'Mrs.', 'Narumol mahanam', 'มล', 'narumol@successmore.com', 'Scm#1234', '0', '', 0),
(65, 'SM0238', 'เจ้าหน้าที่บริการลูกค้า', 'ฝ่ายบริหารสาขา', 'ชลบุรี', 'Resign', '2017-08-17', 'นางสาว', 'อุดมลักษณ์ ทองคำแท้', 'Miss', 'Udomlak Thongkhamthae', 'น้ำตาล', 'udomlak@successmore.com', 'Scm#1234', '0', '', 0),
(66, 'SM0240', 'ผู้จัดการอาวุโสฝ่ายบัญชี', 'ฝ่ายบัญชี', 'HQ', 'Online', '2017-08-23', 'นางสาว', 'กัณฐ์ฏาปกรณ์ อัฏฐากมล', 'Miss', 'Kantapakon Attakamon', 'กรณ์', 'kantapakon@successmore.com', 'Scm#1234', '0', '', 0),
(67, 'SM0242', 'เจ้าหน้าที่บริการลูกค้า', 'ฝ่ายบริหารสาขา', 'รัชโยธิน', 'Online', '2017-09-14', 'นางสาว', 'สิรินภา ปานฉ่ำ', 'Miss', 'Sirinapa Panchum', 'กวาง', 'sirinapa@successmore.com', 'Scm#1234', '0', '', 0),
(68, 'SM0243', 'เจ้าหน้าที่บริการลูกค้า', 'ฝ่ายบริหารสาขา', 'เชียงใหม่', 'Online', '2017-09-14', 'นางสาว', 'ณัฏฐพร บุตรวัตร', 'Miss', 'Nattaphorn Butwat', 'บี', 'nattaphron@successmore.com', 'Scm#1234', '0', '', 0),
(69, 'SM0246', 'เจ้าหน้าที่', 'ฝ่ายบริหารคลังสินค้า', 'ลาดกระบัง', 'Resign', '2017-10-02', 'นาย', 'ฉัตรมงคล นุชนารถ', 'Mr.', 'Chatmongkol Nutchanat', 'อ้ำ', 'Chatmongkol.N@successmore.com', 'Scm#1234', '0', '', 0),
(70, 'SM0254', 'หัวหน้าบริการลูกค้า', 'ฝ่ายบริหารสาขา', 'กำแพงเพชร', 'Online', '2017-11-02', 'นางสาว', 'สุนิฐา ระวังภัย', 'Miss', 'Sunitha Rawangpai', 'หญิง', 'sunitha@successmore.com', 'Scm#1234', '0', '', 0),
(71, 'SM0263', 'เจ้าหน้าที่บริการลูกค้า', 'ฝ่ายบริหารสาขา', 'รัชโยธิน', 'Online', '2018-02-01', 'นางสาว', 'จันจีรา แย้มอ่ำ', 'Miss', 'Janjeera yaemam', 'ต้นหลิว', 'janjeera@successmore.com', 'Scm#1234', '0', '', 0),
(72, 'SM0265', 'เจ้าหน้าที่บริการลูกค้า', 'ฝ่ายบริหารสาขา', 'รัชโยธิน', 'Online', '2018-02-09', 'นางสาว', 'สุปภาดา ฝั่งไธสง', 'Miss', 'Supaphada Fangthaisong', 'ลิน', 'Supaphada.F@successmore.com', 'Scm#1234', '0', '', 0),
(73, 'SM0267', 'เจ้าหน้าที่บริการลูกค้า', 'ฝ่ายบริหารสาขา', 'เชียงใหม่', 'Online', '2018-02-20', 'นางสาว', 'ไพลิน สุวรรณ', 'Miss', 'Pailin Suwan', 'กุ๊กกิ๊ก', 'pailin.s@successmore.com', 'Scm#1234', '0', '', 0),
(74, 'SM0270', 'เจ้าหน้าที่คลังสินค้า', 'ฝ่ายบริหารสาขา', 'อุบลราชธานี', 'Online', '2018-03-20', 'นาย', 'ณัฐวุธ นามศรี', 'Mr.', 'Natthawut Namsri', 'ต้น', 'natthawut@successmore.com', 'Scm#1234', '0', '', 0),
(75, 'SM0275', 'เจ้าหน้าที่', 'ฝ่ายบริหารคลังสินค้า', 'ลาดกระบัง', 'Online', '2018-04-18', 'นางสาว', 'วรรณา ปั้นบุญมี', 'Mrs.', 'wanna punboonmee', 'ณา', 'wanna@successmore.com', 'Scm#1234', '0', '', 0),
(76, 'SM0279', 'เจ้าหน้าที่', 'ฝ่ายบริหารคลังสินค้า', 'ลาดกระบัง', 'Online', '2018-05-02', 'นาย', 'อิทธิพล ศรีอ่อน', 'Mr.', 'Ittipon srion', 'เอ็ม', 'ittipon@successmore.com', 'Scm#1234', '0', '', 0),
(77, 'SM0280', 'เจ้าหน้าที่บริการข้อมูลลูกค้า', 'ฝ่ายบริการข้อมูลและสมาชิกสัมพันธ์', 'รัชโยธิน', 'Online', '2018-05-02', 'นางสาว', 'ศุภลักษณ์ วอทอง', 'Miss', 'Supalak Worthong', 'ทราย', 'supalak@successmore.com', 'Scm#1234', '0', '', 0),
(78, 'SM0285', 'หัวหน้าบริการลูกค้า', 'ฝ่ายบริหารสาขา', 'พิษณุโลก', 'Online', '2018-05-25', 'นางสาว', 'พจนีย์ วันจงคำ', 'Mrs.', 'Photjanee Wanjongkam', 'นุ้ย', 'photjanee@successmore.com', 'Scm#1234', '0', '', 0),
(79, 'SM0289', 'เจ้าหน้าที่', 'ฝ่ายบริหารคลังสินค้า', 'ลาดกระบัง', 'Resign', '2018-07-04', 'นาย', 'พีรทัต ไพบูลย์', 'Mr.', 'Preeratad Paiboon', 'บอส', 'preeratad@successmore.com', 'Scm#1234', '0', '', 0),
(80, 'SM0291', 'เจ้าหน้าที่', 'ฝ่ายบริหารคลังสินค้า', 'ลาดกระบัง', 'Resign', '2018-07-09', 'นางสาว', 'วิษา จันทร์กระจ่าง', 'Mrs.', 'Wisa jankrajang', 'ทราย', 'wisa@successmore.com', 'Scm#1234', '0', '', 0),
(81, 'SM0292', 'เจ้าหน้าที่บริการลูกค้า', 'ฝ่ายบริหารสาขา', 'นราธิวาส', 'Online', '2018-07-17', 'นางสาว', 'นูรอัยนี อารมย์', 'Miss', 'Nurainee Arom', 'พลอย', 'nurainee@successmore.com', 'Scm#1234', '0', '', 0),
(82, 'SM0294', 'เจ้าหน้าที่คลังสินค้า', 'ฝ่ายบริหารสาขา', 'กำแพงเพชร', 'Online', '2018-07-25', 'นาย', 'ธนาธร โพธิ์ทรง', 'Mr.', 'Tanatorn posong', 'แบงค์', 'tanatorn@successmore.com', 'Scm#1234', '0', '', 0),
(83, 'SM0298', 'เจ้าหน้าที่', 'ฝ่ายบริหารคลังสินค้า', 'ลาดกระบัง', 'Online', '2018-08-16', 'นาย', 'ธนาดุล จุลบุตร', 'Mr.', 'Thanadul julabut', 'ท็อป', 'thanadul@successmore.com', 'Scm#1234', '0', '', 0),
(84, 'SM0306', 'เจ้าหน้าที่บริการลูกค้า', 'ฝ่ายบริหารสาขา', 'บางบ่อ', 'Online', '2018-11-01', 'นางสาว', 'ชีวาพร แก้วเกตุ', 'Miss', 'Cheewaphorn keawkate', 'เปเป้', 'cheewaporn@successmore.com', 'Scm#1234', '0', '', 0),
(85, 'SM0309', 'เจ้าหน้าที่บริการลูกค้า', 'ฝ่ายบริหารสาขา', 'บางบอน', 'Resign', '2018-11-15', 'นางสาว', 'ปรียานุช เหล่าจั่น', 'Miss', 'Preeyanuch Laojan', 'แอน', 'preeyanuch@successmore.com', 'Scm#1234', '0', '', 0),
(86, 'SM0312', 'ผู้จัดการฝ่ายจัดซื้อ', 'ฝ่ายจัดซื้อ', 'HQ', 'Online', '2019-01-03', 'นางสาว', 'สุทธิศิริ  อิ่มเจริญ', 'Miss', 'Sutthisiri Imjaroen', 'สาลี่', 'sutthisiri@successmore.com', 'Scm#1234', '0', '', 0),
(87, 'SM0315', 'เจ้าหน้าที่บริการลูกค้า', 'ฝ่ายบริหารสาขา', 'นวนคร', 'Online', '2019-02-05', 'นางสาว', 'จารุวรรณ นามบุญเรือง', 'Miss', 'Jaruwan Namboonrueng', 'จา', 'jaruwan@successmore.com', 'Scm#1234', '0', '', 0),
(88, 'SM0316', 'เจ้าหน้าที่', 'ฝ่ายทรัพยากรบุคคล', 'HQ', 'Resign', '2019-02-11', 'นางสาว', 'แพร บุญศรี', 'Miss', 'Prae Bunsi', 'แพร', 'prae@successmore.com', 'Scm#1234', '0', '', 0),
(89, 'SM0318', 'เจ้าหน้าที่บริการลูกค้า', 'ฝ่ายบริหารสาขา', 'อยุธยา', 'Online', '2019-02-12', 'นางสาว', 'เจนจิรา คัมภิรานนท์', 'Miss', 'Janjira khamphiranon ', 'เจน', 'janjira@successmore.com', 'Scm#1234', '0', '', 0),
(90, 'SM0321', 'เจ้าหน้าที่บริการลูกค้า', 'ฝ่ายบริหารสาขา', 'ระยอง', 'Online', '2019-02-21', 'นางสาว', 'กนกวรรณ จงใจจิตร', 'Miss', 'Kanokwan Jongjaijit', 'เวย์', 'kanokwan@successmore.com', 'Scm#1234', '0', '', 0),
(91, 'SM0324', 'เจ้าหน้าที่', 'ฝ่ายกำกับดูแลกิจการ', 'HQ', 'Online', '2019-03-04', 'นางสาว', 'เกตุวดี อาจสอน ', 'Miss', 'ketvadee artson', 'จีน', 'ketvadee@successmore.com', 'Scm#1234', '0', '', 0),
(92, 'SM0330', 'ผู้ช่วยหัวหน้าแผนก', 'ฝ่ายการเงิน', 'HQ', 'Resign', '2019-03-18', 'นาย', 'ประวิง กู้เมือง', 'Mr.', 'prawing koomaung', 'วิง', 'Prawing@successmore.com', 'Scm#1234', '0', '', 0),
(93, 'SM0333', 'เจ้าหน้าที่', 'ฝ่ายบริหารคลังสินค้า', 'ลาดกระบัง', 'Resign', '2019-04-01', 'นางสาว', 'ธนพร วรนุช', 'Mrs.', 'Tanaporn Woranoot', 'ตู่', 'tanaporn@successmore.com', 'Scm#1234', '0', '', 0),
(94, 'SM0335', 'เจ้าหน้าที่อาวุโส', 'ฝ่ายจัดซื้อ', 'HQ', 'Online', '2019-04-22', 'นาย', 'สยาม เกิดจรัส', 'Mr.', 'Siam Kerdjaras', 'โจ๊ะ', 'siam@successmore.com', 'Scm#1234', '0', '', 0),
(95, 'SM0343', 'เจ้าหน้าที่บริการลูกค้า', 'ฝ่ายบริหารสาขา', 'กำแพงเพชร', 'Online', '2019-06-01', 'นางสาว', 'พนิดา ผิวพรรณ์', 'Mrs.', 'Phanida phiwpan', 'บูติค', 'Phanida.P@successmore.com', 'Scm#1234', '0', '', 0),
(96, 'SM0348', 'เจ้าหน้าที่', 'ฝ่ายบัญชี', 'HQ', 'Online', '2019-06-17', 'นางสาว', 'อภิญญา มีท่อธาร', 'Miss', 'Apinya Meetorthan', 'น้ำ', 'Apinya@successmore.com', 'Scm#1234', '0', '', 0),
(97, 'SM0356', 'เจ้าหน้าที่คลังสินค้า', 'ฝ่ายบริหารสาขา', 'นครศรีธรรมราช', 'Online', '2019-09-05', 'นาย', 'ศุภฤกษ์ โฉมทอง', 'Mr.', 'Supparuek Chomtong', 'เอ็ม', 'Supparuek@successmore.com', 'Scm#1234', '0', '', 0),
(98, 'SM0357', 'เจ้าหน้าที่บริการลูกค้า', 'ฝ่ายบริหารสาขา', 'ชุมพร', 'Online', '2019-09-05', 'นางสาว', 'อรัญญา มลการนา', 'Miss', 'Arunya Monkarnna', 'อ้อม', 'Arunya@successmore.com', 'Scm#1234', '0', '', 0),
(99, 'SM0362', 'ช่างซ่อมบำรุง', 'ฝ่ายทรัพยากรบุคคล', 'HQ', 'Online', '2019-10-15', 'นาย', 'ปิยะ ผลอุดม', 'Mr.', 'Piya phol-Oudom', 'ยะ', '#N/A', 'Scm#1234', '0', '', 0),
(100, 'SM0365', 'เจ้าหน้าที่บริการลูกค้า', 'ฝ่ายบริหารสาขา', 'พัทยา', 'Resign', '2019-11-01', 'นางสาว', 'ธันย์วรัท พิชิตชาญชัยกุล', 'Miss', 'Tanvarat Pichitchanchaikun', 'ณิชา', 'Tanvarat.P@successmore.com', 'Scm#1234', '0', '', 0),
(101, 'SM0367', 'พนักงานขับรถผู้บริหาร', 'ฝ่ายทรัพยากรบุคคล', 'HQ', 'Online', '2019-12-02', 'นาย', 'วรเมธ นิ่มมะโน', 'Mr.', 'Woramet Nimmano', 'วี', '#N/A', 'Scm#1234', '0', '', 0),
(102, 'SM0369', 'ผู้จัดการอาวุโส', 'ฝ่ายบริหารสาขา', 'HQ', 'Online', '2019-01-02', 'นางสาว', 'ธิติมาพร ปิ่นทอง', 'Miss', 'Thitimaporn Pinthong', 'ตูน', 'Thitimaporn@successmore.com', 'Scm#1234', '0', '', 0),
(103, 'SM0373', 'เจ้าหน้าที่คลังสินค้า', 'ฝ่ายบริหารสาขา', 'อยุธยา', 'Online', '2020-01-22', 'นาย', 'อภิชาติ กรัณฑ์สุวรรณ', 'Mr.', 'Apichat Kansuwan', 'แน๊ก', 'Apichat@successmore.com', 'Scm#1234', '0', '', 0),
(104, 'SM0374', 'เจ้าหน้าที่บริการลูกค้า', 'ฝ่ายบริหารสาขา', 'สุราษฎร์ธานี', 'Resign', '2020-02-04', 'นางสาว', 'ศศิธร ล่องสุวรรณ', 'Miss', 'Sasitorn Longsuwan', 'สอง', 'Sasitorn@successmore.com', 'Scm#1234', '0', '', 0),
(105, 'SM0376', 'เจ้าหน้าที่คลังสินค้า', 'ฝ่ายบริหารสาขา', 'จันทบุรี', 'Online', '2020-02-11', 'นาย', 'วันชัย ภิรมย์รื่น', 'Mr.', 'Wanchai piromruen', 'บอล', 'Wanchai@successmore.com', 'Scm#1234', '0', '', 0),
(106, 'SM0377', 'เจ้าหน้าที่', 'ฝ่ายบัญชี', 'HQ', 'Online', '2020-02-24', 'นาย', 'จิรพงษ์ จิรเจษฎาพร', 'Mr.', 'Jirapong Jirajetsadaporn', 'เก้า', 'Jirapong@successmore.com', 'Scm#1234', '0', '', 0),
(107, 'SM0379', 'เจ้าหน้าที่บริการลูกค้า', 'ฝ่ายบริหารสาขา', 'จันทบุรี', 'Online', '2020-03-03', 'นางสาว', 'สุจิตตรา  ชมแก้ว', 'Miss', 'Sujitra chomkeaw', 'แอน', 'Sujitra@successmore.com', 'Scm#1234', '0', '', 0),
(108, 'SM0382', 'เจ้าหน้าที่บริการลูกค้า', 'ฝ่ายบริหารสาขา', 'บางบอน', 'Online', '2020-03-18', 'นางสาว', 'ดารุณี เจนวิถี', 'Miss', 'Darunee jenwithee', 'อ้อม', 'Darunee.J@successmore.com', 'Scm#1234', '0', '', 0),
(109, 'SM0387', 'ผู้จัดการอาวุโสฝ่ายประชาสัมพันธ์', 'ฝ่ายประชาสัมพันธ์', 'HQ', 'Resign', '2020-04-01', 'นางสาว', 'ณัฐิกา สหวัฒนพงศ์', 'Miss', 'Natika Sahawathanapong', 'ยุ้ย', 'Natika@successmore.com', 'Scm#1234', '0', '', 0),
(110, 'SM0388', 'หัวหน้าบริการลูกค้า', 'ฝ่ายบริหารสาขา', 'บางบอน', 'Online', '2020-05-01', 'นาย', 'วศิน แสงเรืองฤทธิ์', 'Mr.', 'Wasin Sangruengrit', 'ปอ', 'wasin@successmore.com', 'Scm#1234', '0', '', 0),
(111, 'SM0390', 'เจ้าหน้าที่คลังสินค้า', 'ฝ่ายบริหารสาขา', 'ขอนแก่น', 'Resign', '2020-06-10', 'นาย', 'ธวัชชัย ไตยวิภาค', 'Mr.', 'Tawatchai Tiyawiphak', 'กานต์', 'Tawatchai.T@successmore.com', 'Scm#1234', '0', '', 0),
(112, 'SM0393', 'เจ้าหน้าที่', 'ฝ่ายบริหารคลังสินค้า', 'ลาดกระบัง', 'Online', '2016-08-04', 'นางสาว', 'ลัดดาวรรณ กลิ่นศรีสุข', 'Miss', 'Laddawan Klinsrisuk', 'นุ่น', 'laddawan@successmore.com', 'Scm#1234', '0', '', 0),
(113, 'SM0395', 'ผู้ช่วยผู้จัดการฝ่ายขาย', 'ฝ่ายบริหารสาขา', 'HQ', 'Resign', '2020-08-03', 'นางสาว', 'ธนพร จันมา', 'Mrs.', 'Thanabhorn Janma', 'โบว์', 'Thanabhorn.J@successmore.com', 'Scm#1234', '0', '', 0),
(114, 'SM0396', 'ผู้จัดการฝ่ายการตลาดดิจิทัล', 'ฝ่ายการตลาดดิจิทัล', 'HQ', 'Online', '2020-08-20', 'นางสาว', 'วาสนา เสวี ', 'Miss', 'Wassana seawee', 'นก', 'Wassana.S@successmore.com', 'Scm#1234', '0', '', 0),
(115, 'SM0398', 'เจ้าหน้าที่บริการลูกค้า', 'ฝ่ายบริหารสาขา', 'นวนคร', 'Online', '2020-09-02', 'นางสาว', 'ปฏิมาภรณ์ คุยแก้วพะเนาว์', 'Miss', 'Patimaporn Kuikaewpanao ', 'มิ้นท์', 'Patimaporn.K@successmore.com', 'Scm#1234', '0', '', 0),
(116, 'SM0399', 'เจ้าหน้าที่บริการลูกค้า', 'ฝ่ายบริหารสาขา', 'บางบอน', 'Online', '2020-09-02', 'นางสาว', 'จารุวรรณ คำจันทร์', 'Miss', 'Jaruwan kamjan', 'ตอง', 'Jaruwan.K@successmore.com', 'Scm#1234', '0', '', 0),
(117, 'SP0004', 'ผู้จัดการอาวุโสฝ่ายออกแบบ', 'ฝ่ายออกแบบ', 'HQ', 'Online', '2013-07-01', 'นางสาว', 'ณิชาพัฒน์ วรวงศ์ธนนนท์', 'Miss', 'Nichaphat Worrawongthananon', 'กระเจี๊ยบ', 'Nichaphat@successmore.com', 'Scm#1234', '0', '', 0),
(118, 'SP0006', 'ผจก.ฝ่ายต่างประเทศ', 'ฝ่ายต่างประเทศ', 'HQ', 'Online', '2014-08-16', 'นาย', 'วีรพงศ์ วิเชียรวัฒนชัย', 'Mr.', 'Veerapong Wichianwatthanachai', 'ไบรท์', 'veerapong@successmore.com', 'Scm#1234', '0', '', 0),
(119, 'SP0012', 'หัวหน้าแผนกกิจกรรมทางการตลาด', 'ฝ่ายกิจกรรมทางการตลาด', 'HQ', 'Online', '2016-01-15', 'นาย', 'ณัฐวุฒิ ชีช้าง', 'Mr.', 'Nattawut cheechang', 'กุ้ง', 'Nattawut@successmore.com', 'Scm#1234', '0', '', 0),
(120, 'SP0013', 'เจ้าหน้าที่', 'ฝ่ายการตลาดดิจิทัล', 'HQ', 'Online', '2016-02-01', 'นาย', 'เกรียงไกร ชมมณี', 'Mr.', 'kriengkrai chommanee', 'เอ', 'Kriengkrai@successmore.com', 'Scm#1234', '0', '', 0),
(121, 'SP0015', 'ผู้จัดการฝ่ายการตลาด', 'ฝ่ายการตลาด', 'HQ', 'Online', '2016-06-01', 'นางสาว', 'ณัฐชยา สมิทธ์เสรี', 'Miss', 'natchaya smithseree', 'ฝ้าย', 'natchaya@successmore.com', 'Scm#1234', '0', '', 0),
(122, 'SP0016', 'เจ้าหน้าที่อาวุโส', 'ฝ่ายกิจกรรมทางการตลาด', 'HQ', 'Resign', '2016-08-16', 'นาย', 'พลัฏฐ์ พงษ์ศิริสุนทร', 'Mr.', 'Palus Phongsirisoontron', 'ติ๊ดตี่', 'palus@successmore.com', 'Scm#1234', '0', '', 0),
(123, 'SP0019', 'เจ้าหน้าที่', 'ฝ่ายกิจกรรมทางการตลาด', 'HQ', 'Online', '2017-02-01', 'นาย', 'ทศพร คันธจันทร์', 'Mr.', 'thotsaphon khanthachan', 'อาร์ต', 'thotsaphon@successmore.com', 'Scm#1234', '0', '', 0),
(124, 'SP0023', 'เจ้าหน้าที่', 'ฝ่ายกิจกรรมทางการตลาด', 'HQ', 'Online', '2017-11-01', 'นาย', 'ทัศไนย กรุดเงิน', 'Mr.', 'Thatsanai Krudngoen', 'ท็อป', 'thatsanai@successmore.com', 'Scm#1234', '0', '', 0),
(125, 'SP0027', 'ผู้ช่วยหัวหน้าแผนก', 'ฝ่ายเทคโนโลยีสารสนเทศ', 'HQ', 'Online', '2017-11-16', 'นาย', 'อานนท์ เอกทัศน์', 'Mr.', 'Anon Eagtas', 'นินิว', 'anon@successmore.com', 'Scm#1234', '0', '1', 0),
(126, 'SP0029', 'เจ้าหน้าที่อาวุโส', 'ฝ่ายประชาสัมพันธ์', 'HQ', 'Resign', '2018-01-03', 'นางสาว', 'หรรษกานต์ ชยบูรณา', 'Miss', 'Hassakant Chayaburana', 'แคช', 'hassakant@successmore.com', 'Scm#1234', '0', '', 0),
(127, 'SP0030', 'เจ้าหน้าที่', 'ฝ่ายกิจกรรมทางการตลาด', 'HQ', 'Online', '2018-01-16', 'นาย', 'ชัยธวัช มีชัย', 'Mr.', 'Chaithawat Meechai', 'ชัย', 'Chaithawat.M@successmore.com', 'Scm#1234', '0', '', 0),
(128, 'SP0033', 'เจ้าหน้าที่', 'ฝ่ายพัฒนาผลิตภัณฑ์', 'HQ', 'Resign', '2018-05-02', 'นางสาว', 'ปณิธิตา ไชยูปถัมภ์', 'Mrs.', 'Panitita Chaiyupatum', 'แจน', 'panitita@successmore.com', 'Scm#1234', '0', '', 0),
(129, 'SP0034', 'ผช.ผจก.ฝ่ายธุรกิจต่างประเทศ', 'ฝ่ายธุรกิจต่างประเทศ', 'HQ', 'Online', '2018-05-10', 'นางสาว', 'ศศ พงศ์อัจฉริยกุล', 'Miss', 'Sasa Ponguschariyagul', 'แก้ว', 'sasa@successmore.com', 'Scm#1234', '0', '', 0),
(130, 'SP0036', 'หัวหน้าแผนกออกแบบ', 'ฝ่ายออกแบบ', 'HQ', 'Online', '2018-06-11', 'นางสาว', 'กัสมา เงินอาจ', 'Miss', 'kussama ngeonart', 'กิ๊ก', 'kussama@successmore.com', 'Scm#1234', '0', '', 0),
(131, 'SP0038', 'เจ้าหน้าที่อาวุโส', 'ฝ่ายบัญชี', 'HQ', 'Resign', '2018-04-18', 'นางสาว', 'จันทิรา สุมเส็น', 'Miss', 'Juntira Sumsen', 'มะ', 'juntira@successmore.com', 'Scm#1234', '0', '', 0),
(132, 'SP0043', 'เจ้าหน้าที่อาวุโส', 'ฝ่ายการตลาดดิจิทัล', 'HQ', 'Online', '2018-09-06', 'นาง', 'ณชาณา สิงห์ทอง', 'Mrs.', 'Nachana Singthong', 'ป้อม', 'nachana@successmore.com', 'Scm#1234', '0', '', 0),
(133, 'SP0047', 'เจ้าหน้าที่', 'ฝ่ายกิจกรรมทางการตลาด', 'HQ', 'Online', '2019-03-04', 'นาย', 'วีรศักดิ์ สุวรรณแก้ว', 'Mr.', 'Weerasak Suwankaew', 'เบิร์ด', 'weerasak@successmore.com', 'Scm#1234', '0', '', 0),
(134, 'SP0052', 'เจ้าหน้าที่อาวุโส', 'ฝ่ายออกแบบ', 'HQ', 'Online', '2019-04-29', 'นาย', 'นารินทร์ สายทอง', 'Mr.', 'NARIN SAITHONG', 'ต้อม', 'narin@successmore.com', 'Scm#1234', '0', '', 0),
(135, 'SP0056', 'ผู้ช่วยหัวหน้าแผนก', 'ฝ่ายบัญชี', 'HQ', 'Resign', '2019-07-01', 'นางสาว', 'กัญญาณัฐ มนตรี', 'Miss', 'Kanyanat Montri', 'กล้วย', 'kanyanut@successmore.com', 'Scm#1234', '0', '', 0),
(136, 'SP0057', 'เจ้าหน้าที่', 'ฝ่ายบัญชี', 'HQ', 'Online', '2019-07-22', 'นางสาว', 'กรรณิกา ยงยุทธ', 'Miss', 'Kannika yongyut', 'กิ่ง', 'Kannika@successmore.com', 'Scm#1234', '0', '', 0),
(137, 'SP0058', 'ผู้ช่วยหัวหน้าแผนก', 'ฝ่ายเทคโนโลยีสารสนเทศ', 'HQ', 'Online', '2019-08-01', 'นาย', 'พงษ์พันธ์ ห่อทอง', 'Mr.', 'Pongpan Houthong', 'จ๊อบ', 'Pongpan@successmore.com', 'Scm#1234', '0', '1', 0),
(138, 'SP0061', 'ผู้จัดการฝ่ายพัฒนาผลิตภัณฑ์', 'ฝ่ายพัฒนาผลิตภัณฑ์', 'HQ', 'Resign', '2019-10-01', 'นางสาว', 'ภัทร์สินี ทวีรัฐเดชาพงศ์', 'Miss', 'Patsinee Taweeratdachapong ', 'กิ๊ก', 'Patsinee@successmore.com', 'Scm#1234', '0', '', 0),
(139, 'SP0063', 'เจ้าหน้าที่', 'ฝ่ายพัฒนาผลิตภัณฑ์', 'HQ', 'Resign', '2019-10-28', 'นางสาว', 'มาริสา เสวตเวช', 'Miss', 'Marisa Sawetwet', 'อัน', 'Marisa@successmore.com', 'Scm#1234', '0', '', 0),
(140, 'SP0064', 'เจ้าหน้าที่', 'ฝ่ายออกแบบ', 'HQ', 'Online', '2020-02-11', 'นาย', 'อิทธิพร เหมือนสุวรรณ', 'Mr.', 'Itthiporn Meansuwan', 'อ็อฟ', 'Itthiporn@successmore.com', 'Scm#1234', '0', '', 0),
(141, 'SP0066', 'หัวหน้าแผนก', 'ฝ่ายบริหารสาขา', 'HQ', 'Online', '2014-08-26', 'นางสาว', 'ลดาวัลย์ ปรีชาจารย์', 'Miss', 'LADAWAN PREECHAJAN', 'แหม่ม', 'ladawan@successmore.com', 'Scm#1234', '0', '', 0),
(142, 'SP0067', 'เจ้าหน้าที่อาวุโส', 'ฝ่ายบัญชี', 'HQ', 'Online', '2015-04-17', 'นางสาว', 'เรนุกา สิงห์จันทึก', 'Miss', 'Raenuga Singjanthuek', 'เรย์', 'raenuga@successmore.com', 'Scm#1234', '0', '', 0),
(143, 'SP0068', 'เจ้าหน้าที่', 'ฝ่ายบัญชี', 'HQ', 'Online', '2017-01-04', 'นางสาว', 'วิภาพร จันทรา ', 'Miss', 'Wipaporn Jantra', 'เนย', 'wipaporn@successmore.com', 'Scm#1234', '0', '', 0),
(144, 'SP0070', 'เจ้าหน้าที่', 'ฝ่ายบัญชี', 'HQ', 'Online', '2018-04-02', 'นางสาว', 'อารดา สาระ', 'Miss', 'Arrada Sara', 'ดาว', 'arrada@successmore.com', 'Scm#1234', '0', '', 0),
(145, 'SP0071', 'เจ้าหน้าที่', 'ฝ่ายการเงิน', 'HQ', 'Online', '2019-05-07', 'นางสาว', 'รุจิฬา บุญพา', 'Miss', 'Rujira Boonpa', 'เจน', 'Rujira@successmore.com', 'Scm#1234', '0', '', 0),
(146, 'SP0072', 'เจ้าหน้าที่', 'ฝ่ายบัญชี', 'HQ', 'Online', '2019-05-13', 'นางสาว', 'สุกัญยาภัทร์ มีอนันต์', 'Miss', 'Sukanyaphat Meeanan', 'เจน', 'Sukanyaphat.M@successmore.com', 'Scm#1234', '0', '', 0),
(147, 'SP0073', 'เจ้าหน้าที่', 'ฝ่ายจัดซื้อ', 'HQ', 'Online', '2019-07-30', 'นางสาว', 'ชลิตา หิรัญ', 'Miss', 'Chalita Hirun', 'เอ๋ย', 'chalita@successmore.com', 'Scm#1234', '0', '', 0),
(148, 'SP0074', 'เจ้าหน้าที่', 'ฝ่ายทรัพยากรบุคคล', 'HQ', 'Online', '2020-03-23', 'นาย', 'เปรมวิท ทิพย์สุคนธ์', 'Mr.', 'Premwit Tipsukon', 'ดรีม', 'Premwit@successmore.com', 'Scm#1234', '0', '', 0),
(149, 'SP0077', 'เจ้าหน้าที่อาวุโสฝึกอบรม', 'ฝ่ายทรัพยากรบุคคล', 'HQ', 'Online', '2020-05-11', 'นาย', 'เกริก รวยรื่น', 'Mr.', 'Kerk Ruoyruen ', 'แต๊ก', 'Kerk@successmore.com', 'Scm#1234', '0', '', 0),
(150, 'SP0079', 'ERP Technical Support', 'ฝ่ายเทคโนโลยีสารสนเทศ', 'HQ', 'Online', '2020-06-01', 'นาย', 'ทรงวุฒิ ระนาดเงิน', 'Mr.', 'Songwut ranadngern', 'เจน', 'Songwut@successmore.com', 'Scm#1234', '0', '1', 0),
(151, 'SP0080', 'เจ้าหน้าที่ฝ่ายการตลาด', 'ฝ่ายการตลาด', 'HQ', 'Resign', '2020-06-15', 'นางสาว', 'ธนัชชา หอมอินทร์', 'Miss', 'Thanatcha Homin', 'มีอา', 'Thanatcha.H@successmore.com', 'Scm#1234', '0', '', 0),
(152, 'SP0085', 'เจ้าหน้าที่อาวุโสฝ่ายประชาสัมพันธ์', 'ฝ่ายประชาสัมพันธ์', 'HQ', 'Resign', '2020-11-02', 'นางสาว', 'กรวรรณ ประสิทธิ์เพียรชัย', 'Miss', 'Kronrawan Prasitpienchai', 'เพ่ยเพ่ย', 'Kronrawon.P@successmore.com', 'Scm#1234', '0', '', 0),
(153, 'SP0086', 'Content Editor', 'ฝ่ายการตลาดดิจิทัล', 'HQ', 'Online', '2020-11-10', 'นาย', 'นวพล เทียนบูชา', 'Mr.', 'Nawapon tianbucha', 'ไนท์', 'Nawapon.T@successmore.com', 'Scm#1234', '0', '', 0),
(154, 'SM0402', 'เจ้าหน้าที่บริการลูกค้า', 'ฝ่ายบริหารสาขา', 'รัชโยธิน', 'Online', '2020-11-16', 'นางสาว', 'มณีรัตน์ คงตะโก', 'Miss', 'Maneerat Kongtako', 'แนน', 'Maneerat.K@successmore.com', 'Scm#1234', '0', '', 0),
(155, 'SM0403', 'เจ้าหน้าที่คลังสินค้า', 'ฝ่ายบริหารสาขา', 'ระยอง', 'Resign', '2020-11-17', 'นาย', 'เพชรรัตน์ สุทธิ', 'Mr.', 'Petcharat Suthi', 'อู๊ด', 'Petcharat.S@successmore.com', 'Scm#1234', '0', '', 0),
(156, 'SM0404', 'ผอ.สายงานบัญชีและการเงิน', 'ฝ่ายบริหาร', 'HQ', 'Online', '2020-11-25', 'นาย', 'นฤพล โกสลาทิพย์', 'Mr.', 'NARUEPHOL KOSLATHIP', 'ตั้ม', 'Naruephol.K@successmore.com', 'Scm#1234', '0', '', 0),
(157, 'SP0087', 'เจ้าหน้าที่วิเคราะห์ข้อมูล', 'ฝ่ายเทคโนโลยีสารสนเทศ', 'HQ', 'Online', '2020-12-16', 'นาย', 'พีรพล อ่อนอารีย์', 'Mr.', 'Peeraphol Onaree', 'พี ', 'Peeraphol.O@successmore.com', 'Scm#1234', '0', '1', 0),
(158, 'SM0407', 'เจ้าหน้าที่คลังสินค้า', 'ฝ่ายบริหารสาขา', 'มหาชัย', 'Resign', '2020-12-22', 'นาย', 'ปฏิญญา แดงพันธุ์', 'Mr.', 'Patinya Dangpan', 'ไอซ์', 'Patinya.D@successmore.com', 'Scm#1234', '0', '', 0),
(159, 'SM0410', 'เจ้าหน้าที่จัดส่ง', 'ฝ่ายบริหารคลังสินค้า', 'ลาดกระบัง', 'Online', '2021-01-11', 'นางสาว', 'รุ่งรัตน์ดา เพ็งเวลุน', 'Miss', 'Roongratda Pengweloon', 'เอี้ยง', 'Roongratda.P@successmore.com', 'Scm#1234', '0', '', 0),
(160, 'SM0411', 'เจ้าหน้าที่บริการลูกค้า', 'ฝ่ายบริหารสาขา', 'บางบอน', 'Online', '2021-01-18', 'นางสาว', 'ศจีพัฒ​ ป้อมหลักทอง', 'Miss', 'Sachiphat Pomlukthong', 'แพ็ก', 'Sachiphat.P@successmore.com', 'Scm#1234', '0', '', 0),
(161, 'SP0088', 'เจ้าหน้าที่พัฒนาโปรแกรม', 'ฝ่ายเทคโนโลยีสารสนเทศ', 'HQ', 'Online', '2021-01-25', 'นาย', 'ฉัตรชัย บูรณวิเศษกุล', 'Mr.', 'Chatchai Booranawisetkul', 'พลู', 'Chatchai.B@successmore.com', 'Scm#1234', '0', '1', 0),
(162, 'SP0089', 'ผู้จัดการฝ่ายเทคโนโลยีสารสนเทศ', 'ฝ่ายเทคโนโลยีสารสนเทศ', 'HQ', 'Resign', '2021-02-01', 'นาย', 'นันทวุฒิ อินทวารี', 'Mr.', 'Nantawut Intavaree', 'นัด', 'Nantawut.i@successmore.com', 'Scm#1234', '0', '1', 0),
(163, 'SP0090', 'เจ้าหน้าที่ออกแบบ', 'ฝ่ายออกแบบ', 'HQ', 'Resign', '2021-02-01', 'นาย', 'ภานุพันธ์ เข็มนอก', 'Mr.', 'Panupan Kemnog', 'แบงค์', 'Panupan.K@successmore.com', 'Scm#1234', '0', '', 0),
(164, 'SM0412', 'ผู้จัดการอาวุโสฝ่ายบริหารคลังสินค้า', 'ฝ่ายบริหารคลังสินค้า', 'ลาดกระบัง', 'Online', '2021-02-08', 'นาย', 'พงษ์นรินทร์ กระแสร์นาค', 'Mr.', 'PHONGNARIN KRASARENAK', 'เอก', 'PHONGNARIN.K@successmore.com', 'Scm#1234', '0', '', 0),
(165, 'SM0413', 'เจ้าหน้าที่บริการลูกค้า', 'ฝ่ายบริหารสาขา', 'ชลบุรี', 'Online', '2021-03-03', 'นางสาว', 'ทิพย์วัลย์ จิตรสกุล', 'Miss', 'Tippawan Chitsakun', 'ปุ๋ย', 'Tippawan.C@successmore.com', 'Scm#1234', '0', '', 0),
(166, 'SM0414', 'ผู้อำนวยการอาวุโสสายงานปฎิบัติการ', 'ฝ่ายบริหาร', 'HQ', 'Resign', '2021-03-08', 'นาย', 'ณัฐพงศ์ ภาวศุทธินนท์', 'Mr.', 'Natthapong Pavasutthinonth', 'นัท', 'Natthapong.P@successmore.com', 'Scm#1234', '0', '', 0),
(168, 'SM0415', 'เจ้าหน้าที่คลังสินค้า', 'ฝ่ายบริหารสาขา', 'เชียงใหม่', 'Online', '2021-03-15', 'นาย', 'พิชากรณ์ ศรีวิชัย', 'Mr.', 'Pichakorn Sriwichai', 'นุ๊ก', 'Pichakorn.S@successmore.com', 'Scm#1234', '0', '', 0),
(169, 'SM0416', 'เจ้าหน้าที่คลังสินค้า', 'ฝ่ายบริหารสาขา', 'ชลบุรี', 'Resign', '2021-03-15', 'นาย', 'เอกอมร รัตนวิจิตร', 'Mr.', 'Akeamorn RATTANAWIJIT', 'เอก', 'Akeamorn.R@successmore.com', 'Scm#1234', '0', '', 0),
(170, 'SP0091', 'เจ้าหน้าที่', 'ฝ่ายประชาสัมพันธ์', 'HQ', 'Resign', '2021-03-22', 'นาย', 'สุทธิพงษ์ เหลืองวิริยะ ', 'Mr.', 'Sutipong Luangwiriya ', 'ฮอน ', 'Sutipong.L@successmore.com', 'Scm#1234', '0', '', 0),
(171, 'SP0092', 'เจ้าหน้าที่อาวุโส', 'ฝ่ายบัญชี', 'HQ', 'Online', '2021-03-29', 'นาย', 'อรรถชัย นาคเงินทอง', 'Mr.', 'Attachai Nakngenthong', 'ทอย', 'Attachai.N@successmore.com', 'Scm#1234', '0', '', 0),
(172, 'SM0417', 'เจ้าหน้าที่คลังสินค้า', 'ฝ่ายบริหารสาขา', 'ระยอง', 'Online', '2021-04-01', 'นาย', 'ชนะชัย​ สีสมเพชร', 'Mr.', 'Chanachai​ Sisomphet', 'Yo', 'Chanachai.S@successmore.com', 'Scm#1234', '0', '', 0),
(173, 'SM0418', 'เจ้าหน้าที่การเงิน', 'ฝ่ายการเงิน', 'HQ', 'Online', '2021-04-01', 'นาย', 'ณัฐพนธ์ พูลสมบัติ', 'Mr.', 'Nattapon Poonsombut ', 'นุ๊ก', 'Nattapon.P@successmore.com', 'Scm#1234', '0', '', 0),
(174, 'SM0419', 'เจ้าหน้าที่บริการลูกค้า', 'ฝ่ายบริหารสาขา', 'จันทบุรี', 'Online', '2021-04-01', 'นางสาว', 'เสาวภา จาศิลป์', 'Miss', 'Saowapa Jasin', 'Baifern', 'Saowapa.J@successmore.com', 'Scm#1234', '0', '', 0),
(175, 'SM0420', 'เจ้าหน้าที่คลังสินค้า', 'ฝ่ายบริหารสาขา', 'นครสวรรค์', 'Resign', '2021-04-07', 'ว่าที่ ร.ต', 'ณัฐพนธ์ แตงน้อย', 'Acting 2 Lt', 'Natthapol Taengnoi', 'อ๊อฟ', 'Natthapol.T@successmore.com', 'Scm#1234', '0', '', 0),
(176, 'SM0421', 'เจ้าหน้าที่บริการลูกค้า', 'ฝ่ายบริหารสาขา', 'รัชโยธิน', 'Online', '2021-04-19', 'นางสาว', 'สุรีย์รัตน์ คำอยู่', 'Miss', 'Sureerat Khamyoo', 'ซันนี่', 'Sureerat.K@successmore.com', 'Scm#1234', '0', '', 0),
(177, 'SP0093', 'หัวหน้าแผนกกิจกรรมการตลาด', 'ฝ่ายการตลาด', 'HQ', 'Online', '2021-05-04', 'นางสาว', 'ณิรินทร์ญา จิระดิษฐพัชร์', 'Mrs.', 'Nirinya Jiradittaphat', 'ตุ๊กตา', 'Nirinya.J@successmore.com', 'Scm#1234', '0', '', 0),
(178, 'SM0422', 'หัวหน้าแผนกจัดส่งออนไลน์', 'ฝ่ายบริหารคลังสินค้า', 'ลาดกระบัง', 'Online', '2021-05-04', 'นาย', 'คุณวุฒิ หมื่นรักษ์', 'Mr.', 'Kunawut Humnrak', 'วุฒิ', 'Kunawut.H@successmore.com', 'Scm#1234', '0', '', 0),
(179, 'SM0423', 'เจ้าหน้าที่บริการลูกค้า', 'ฝ่ายบริหารสาขา', 'ขอนแก่น', 'Online', '2021-05-04', 'นางสาว', 'ระพีพรรณ โชติพานิช', 'Miss', 'Rapeepan Chotipanit', 'ปอ', 'Rapeepan.C@successmore.com', 'Scm#1234', '0', '', 0),
(180, 'SM0424', 'เจ้าหน้าที่คลังสินค้า', 'ฝ่ายบริหารคลังสินค้า', 'ลาดกระบัง', 'Online', '2021-05-04', 'นาย', 'ธนพล บุญคง', 'Mr.', 'Thanaphon Bunkhong', 'แม็ก', 'Thanaphon.B@successmore.com', 'Scm#1234', '0', '', 0),
(181, 'SM0425', 'เจ้าหน้าที่คลังสินค้า', 'ฝ่ายบริหารสาขา', 'ชุมพร', 'Online', '2021-05-11', 'นาย', 'จิรัฐ ทองคณารักษ์', 'Mr.', 'Jirath Thongkanarak', 'โจ๊ก', 'Jirath.T@successmore.com', 'Scm#1234', '0', '', 0),
(182, 'SM0426', 'ผู้อำนวยการอาวุุโสสายงานการตลาด', 'ฝ่ายบริหาร', 'HQ', 'Resign', '2021-05-17', 'นาย', 'วีรยุทธ์ สุวรรณนามัย', 'Mr.', 'Veerayut Suvannamai', 'ฟลุ๊ค', 'Veerayut.S@successmore.com', 'Scm#1234', '0', '', 0),
(183, 'SM0427', 'เจ้าหน้าที่คลังสินค้า', 'ฝ่ายบริหารคลังสินค้า', 'ลาดกระบัง', 'Online', '2021-06-01', 'นางสาว', 'วิรัญญา พงษ์เพ็ง', 'Miss', 'Wiranya Pongpeng', 'ญารอนะห์', 'Wiranya.P@successmore.com', 'Scm#1234', '0', '', 0),
(184, 'SM0428', 'เจ้าหน้าที่บริการลูกค้า', 'ฝ่ายบริหารสาขา', 'รัชโยธิน', 'Online', '2021-06-07', 'นางสาว', 'สุดารัตน์ ทองเลิศ', 'Miss', 'Sudarat thonglert', 'จอย', 'Sudarat.T@successmore.com', 'Scm#1234', '0', '', 0),
(185, 'SM0429', 'เจ้าหน้าที่คลังสินค้า', 'ฝ่ายบริหารสาขา', 'รัชโยธิน', 'Online', '2021-06-07', 'นาย', 'ธีระพงษ์ คงบุญ', 'Mr.', 'Teerapong Kongboon', 'ซี', 'Teerapong.K@successmore.com', 'Scm#1234', '0', '', 0),
(186, 'SM0430', 'เจ้าหน้าที่คลังสินค้า', 'ฝ่ายบริหารสาขา', 'นครสวรรค์', 'Resign', '2021-06-08', 'นาย', 'ทวีศักดิ์ ศรีบำรุง', 'Mr.', 'Thaweesak Sribamrung', 'เจมส์', 'Thaweesak.S@successmore.com', 'Scm#1234', '0', '', 0),
(187, 'SM0430', 'เจ้าหน้าที่', 'ฝ่ายทรัพยากรบุคคล', 'HQ', 'Online', '2021-06-16', 'นางสาว', 'โยษิตา ประสาท', 'Miss', 'Yosita Prasat', 'เบ', 'Yosita.P@successmore.com', 'Scm#1234', '0', '', 0),
(188, 'SM0431', 'เจ้าหน้าที่ส่งเสริมการขาย', 'ฝ่ายขาย', 'HQ', 'Resign', '2021-06-16', 'นาย', 'ธรรมนาถ โพธิ์ศิริพงศ์', 'Mr.', 'Thammanat Posiripong', 'เอ', 'Thammanat.P@successmore.com', 'Scm#1234', '0', '', 0),
(189, 'SM0432', 'เจ้าหน้าที่คลังสินค้า', 'ฝ่ายบริหารสาขา', 'มหาชัย', 'Resign', '2021-06-25', 'นาย', 'ยุทธกิจ หอมวิจิตร์', 'Mr.', 'Yuttakid Homvijid', 'ปิ๊ง', 'Yuttakid.H@successmore.com', 'Scm#1234', '0', '', 0),
(190, 'SP0094', 'เจ้าหน้าที่ออกแบบ', 'ฝ่ายออกแบบ', 'HQ', 'Online', '2021-07-01', 'นาย', 'ณัฐวุฒิ อดิเรกลาภกุล', 'Mr.', 'Nuttawut Adiraklabkul', 'นัท', 'Nuttawut.A@successmore.com', 'Scm#1234', '0', '', 0),
(191, 'SM0433', 'เจ้าหน้าที่คลังสินค้า', 'ฝ่ายบริหารสาขา', 'นครสวรรค์', 'Online', '2021-07-01', 'นาย', 'อานนท์ กลิ่นฤทธิ์', 'Mr.', 'Arnon klinrit', 'หนึ่ง', 'Arnon.K@successmore.com', 'Scm#1234', '0', '', 0),
(192, 'SM0434', 'เจ้าหน้าที่บริการลูกค้า', 'ฝ่ายบริหารสาขา', 'บางบอน', 'Online', '2021-07-07', 'นางสาว', 'ขวัญเนตร วีระกุล', 'Miss', 'Kwannate Werakul', 'ของขวัญ', 'Kwannate.W@successmore.com', 'Scm#1234', '0', '', 0),
(193, 'SM0435', 'เจ้าหน้าที่คลังสินค้า', 'ฝ่ายบริหารสาขา', 'บางบ่อ', 'Online', '2021-07-07', 'นาย', 'พงศธร ปะกังเว', 'Mr.', 'Pongsatorn pagangwe', 'ตั้ม', 'Pongsatorn.P@successmore.com', 'Scm#1234', '0', '', 0),
(194, 'SM0436', 'เจ้าหน้าที่คลังสินค้า', 'ฝ่ายบริหารสาขา', 'ขอนแก่น', 'Online', '2021-07-20', 'นาย', 'ไพทูรย์ พูลเทกอง', 'Mr.', 'Phaitoon Poontakhong', 'ทิว', 'Phaitoon.P@successmore.com', 'Scm#1234', '0', '', 0),
(195, 'SP0095', 'เจ้าหน้าที่บัญชีทั่วไป (ต่างประเทศ)', 'ฝ่ายบัญชี', 'HQ', 'Online', '2021-08-02', 'นาย', 'วงศพัทธ์ คงธรรม', 'Mr.', 'Wongsapat Khongthum', 'กอล์ฟ', 'Wongsapat.K@successmore.com', 'Scm#1234', '0', '', 0),
(197, 'SM0437', 'เจ้าหน้าที่คลังสินค้า', 'ฝ่ายบริหารสาขา', 'มหาชัย', 'Resign', '2021-08-20', 'นาย', 'พชร จันทนา', 'Mr.', 'Pochara jantana', 'ปอนด์', 'Pochara.J@successmore.com', 'Scm#1234', '0', '', 0),
(198, 'SP0097', 'เจ้าหน้าที่อาวุโส', 'ฝ่ายการตลาดดิจิทัล', 'HQ', 'Resign', '2021-08-23', 'นาย', 'ธนพัต โตเทพวิมาน', 'Mr.', 'Tanapat totepvimarn', 'พจน์', 'Tanapat.T@successmore.com', 'Scm#1234', '0', '', 0),
(199, 'SM0439', 'ผู้จัดการฝ่ายประชาสัมพันธ์', 'ฝ่ายประชาสัมพันธ์', 'HQ', 'Online', '2021-09-01', 'นางสาว', 'อารีย์พร มะโนสันต์', 'Miss', 'Arreeporn Manosun', 'เนย', 'Arreeporn.M@successmore.com', 'Scm#1234', '0', '', 0),
(200, 'SP0098', 'เจ้าหน้าที่ออกแบบ', 'ฝ่ายออกแบบ', 'HQ', 'Online', '2021-09-01', 'นาย', 'บวร ชุบคำ', 'Mr.', 'Boworn Chubkham', 'ยิม', 'Boworn.C@successmore.com', 'Scm#1234', '0', '', 0),
(201, 'SP0099', 'เจ้าหน้าที่ผลิตสื่อโฆษณา', 'ฝ่ายการตลาด', 'HQ', 'Online', '2021-09-06', 'นาย', 'พรเทพ นาถพินิจ', 'Mr.', 'Pornthep Natpinit', 'เบิร์ด', 'Pornthep.N@successmore.com', 'Scm#1234', '0', '', 0),
(202, 'SM0438', 'เจ้าหน้าที่บริการลูกค้า', 'ฝ่ายบริหารสาขา', 'สุราษฎร์ธานี', 'Resign', '2021-09-07', 'นางสาว', 'อรวรรณ สำหนาว', 'Miss', 'Orawan Samnao', 'ฮันน่า', 'Orawan.S@successmore.com', 'Scm#1234', '0', '', 0),
(203, 'SM0440', 'เจ้าหน้าที่อาวุโส', 'ฝ่ายบริหารคลังสินค้า', 'ลาดกระบัง', 'Resign', '2021-09-16', 'นาย', 'ชาญศิษฎ์ โตอรุณ', 'Mr.', 'Chansit Toaroon', 'ต้น', 'Chansit.T@successmore.com', 'Scm#1234', '0', '', 0),
(204, 'SM0441', 'หัวหน้าแผนกจัดส่งออนไลน์', 'ฝ่ายบริหารสาขา', 'ลาดกระบัง', 'Resign', '2021-10-19', 'นาย', 'ฐิติกรณ์ โพธิ์ศิริ', 'Mr.', 'Titikorn Posiri', 'ไนซ์', 'Titikorn.P@successmore.com', 'Scm#1234', '0', '', 0),
(205, 'SM0442', 'เจ้าหน้าที่คลังสินค้า', 'ฝ่ายบริหารสาขา', 'บางบอน', 'Resign', '2021-10-19', 'นาย', 'ชยกร จันทร์สมบูรณ์', 'Mr.', 'Chayakon Chansombum', 'เพชร', 'Chayakon.C@successmore.com', 'Scm#1234', '0', '', 0),
(206, 'SM0442', 'เจ้าหน้าที่คลังสินค้า', 'ฝ่ายบริหารคลังสินค้า', 'ลาดกระบัง', 'Online', '2021-11-01', 'นาย', 'ชนาธิป ชิดสิน', 'Mr.', 'Chanatip Chidsin', 'มาร์ค', 'Chanatip.C@successmore.com', 'Scm#1234', '0', '', 0),
(207, 'SM0443', 'เจ้าหน้าที่คลังสินค้า', 'ฝ่ายบริหารสาขา', 'มหาชัย', 'Online', '2021-11-02', 'นาย', 'ทัด ใจรักษ์', 'Mr.', 'Tud Jairuk', 'หนุ่ม', 'Tud.J@successmore.com', 'Scm#1234', '0', '', 0),
(208, 'SM0444', 'เจ้าหน้าที่อาวุโส', 'ฝ่ายการตลาดดิจิทัล', 'HQ', 'Online', '2021-11-16', 'นางสาว', 'อัจฉราพรรณ พรภัทรสกุลดี', 'Miss', 'Artcharaparn Pornpattarasakundee', 'หมิง', 'Artcharaparn.P@successmore.com', 'Scm#1234', '0', '', 0),
(209, 'SM0444', 'เจ้าหน้าที่คลังสินค้า', 'ฝ่ายบริหารสาขา', 'บางบอน', 'Resign', '2021-11-02', 'นาย', 'ชัยวัฒน์ บุญธรรม', 'Mr.', 'Chaiwat Boontham', 'เพิ่ม', 'Chaiwat.B@successmore.com', 'Scm#1234', '0', '', 0),
(210, 'SM0445', 'เจ้าหน้าที่จัดส่งออนไลน์', 'ฝ่ายบริหารคลังสินค้า', 'ลาดกระบัง', 'Online', '2021-11-16', 'นาย', 'ตนุภัทร นิธิเลิศวิจิตร', 'Mr.', 'Tanupat Nithilertvijit', 'เต', 'Tanupat.N@successmore.com', 'Scm#1234', '0', '', 0),
(211, 'SM0446', 'เจ้าหน้าที่บริการลูกค้า', 'ฝ่ายบริหารสาขา', 'สุราษฎร์ธานี', 'Resign', '2021-11-17', 'นางสาว', 'อรวรรณ ขุนหลัด', 'Miss', 'Orawan khunlad', 'ตัวเล็ก', 'Orawan.K@successmore.com', 'Scm#1234', '0', '', 0),
(212, 'SP0101', 'เจ้าหน้าที่บริการสารสนเทศ', 'ฝ่ายเทคโนโลยีสารสนเทศ', 'HQ', 'Online', '2021-11-22', 'นาย', 'ธราวิชญ์ สารเถื่อนแก้ว', 'Mr.', 'Tharawit Santuenkaew', 'โจ้', 'Tharawit.S@successmore.com', 'Scm#1234', '0', '1', 0),
(213, 'SM0446', 'เจ้าหน้าที่บริการลูกค้า', 'ฝ่ายบริหารสาขา', 'สุราษฎร์ธานี', 'Resign', '2021-12-01', 'นางสาว', 'บุปผกา ตรีเล็ก', 'Miss', 'Buphaka Trilek', 'แพง', 'Buphaka.T@successmore.com', 'Scm#1234', '0', '', 0),
(214, 'SM0447', 'เจ้าหน้าที่อาวุโส', 'ฝ่ายบริหารคลังสินค้า', 'ลาดกระบัง', 'Online', '2022-01-04', 'นางสาว', 'ณัฐปภัสร์ บุญชื่น', 'Miss', 'Natpaphat Boonchuen', 'เฟิร์น', 'Natpaphat.B@successmore.com', 'Scm#1234', '0', '', 0),
(215, 'SM0448', 'หัวหน้าแผนกวางแผนการผลิต', 'ผลิต', 'HQ', 'Online', '2022-01-04', 'นาย', 'กรกิษ พิจารสรรค์', 'Mr.', 'Konkit Phijansan', 'ไอค์', 'Konkit.P@successmore.com', 'Scm#1234', '0', '', 0),
(216, 'SP0102', 'เจ้าหน้าที่', 'ฝ่ายพัฒนาผลิตภัณฑ์', 'HQ', 'Online', '2022-01-04', 'นางสาว', 'ณิชกมล ภู่งาม', 'Miss', 'Nichkamol phoongam', 'หนูนิด', 'Nichkamol.P@successmore.com', 'Scm#1234', '0', '', 0),
(217, 'SP0103', 'เจ้าหน้าที่อาวุโส', 'ฝ่ายการสร้างแบรนด์องค์กรและผลิตภัณฑ์', 'HQ', 'Online', '2022-01-04', 'นางสาว', 'ศศิธร ดิษฐเจริญ', 'Miss', 'Sasithorn Ditcharoen', 'ส้ม', 'Sasithorn.D@successmore.com', 'Scm#1234', '0', '', 0),
(218, 'SP0104', 'เจ้าหน้าที่ผลิตสื่อโฆษณา', 'ฝ่ายการตลาด', 'HQ', 'Online', '2022-01-17', 'นาย', 'วัชรินทร์ จันสา', 'Mr.', 'Watcharin Chansa', 'เปา', 'Watcharin.C@successmore.com', 'Scm#1234', '0', '', 0),
(219, 'SM0449', 'เจ้าหน้าที่คลังสินค้า', 'ฝ่ายบริหารคลังสินค้า', 'ลาดกระบัง', 'Online', '2022-02-01', 'นางสาว', 'วิภารัตน์ กันติ๊บ', 'Miss', 'Wipharat kantip', 'แอร์', 'Wipharat.K@successmore.com', 'Scm#1234', '0', '', 0),
(220, 'SP0105', 'เจ้าหน้าที่พัฒนาโปรแกรม', 'ฝ่ายเทคโนโลยีสารสนเทศ', 'HQ', 'Online', '2022-02-01', 'นาย', 'คมคเนศ บุญเหลือ', 'Mr.', 'komkanait boonlua', 'บอล', 'Komkanait.B@successmore.com', '1', '1', '1', 1),
(221, 'SM0450', 'เจ้าหน้าที่คลังสินค้า', 'ฝ่ายบริหารคลังสินค้า', 'ลาดกระบัง', 'Online', '2022-02-01', 'นาย', 'สหชัย วันเลาะ', 'Mr.', 'Sahachai Wanloh', 'ดุล', 'Sahachai.W@successmore.com', 'Scm#1234', '0', '', 0),
(223, 'SM0451', 'เจ้าหน้าที่บริการลููกค้า', 'ฝ่ายบริหารสาขา', 'พัทยา', 'Online', '2022-02-08', 'นางสาว', 'ศรุตยา อินภิรมย์', 'Miss', 'Saruttaya Inpirom', 'ข้าว', 'Saruttaya.I@successmore.com', 'Scm#1234', '0', '', 0),
(224, 'SP0107', 'เจ้าหน้าที่อาวุโส', 'ฝ่ายพัฒนาผลิตภัณฑ์', 'HQ', 'Online', '2022-02-14', 'นาย', 'กันตพัฒน์ ผาใต้', 'Mr.', 'Kantaphat Phatai', 'ต๊ะ', 'kantaphat.p@successmore.com', 'Scm#1234', '0', '', 0),
(225, 'SM0452', 'เจ้าหน้าที่คลังสินค้า', 'ฝ่ายบริหารคลังสินค้า', 'ลาดกระบัง', 'Online', '2022-02-14', 'นาย', 'อนุชา บัวคลี่', 'Mr.', 'Anucha Buaklee', 'ออฟ', 'Anucha.B@successmore.com', 'Scm#1234', '0', '', 0),
(226, 'SP0108', 'เจ้าหน้าที่บัญชีทั่วไป (ต่างประเทศ)', 'ฝ่ายบัญชี', 'HQ', 'Online', '2022-02-17', 'นาย', 'ณัฐวุฒิ ล้วนลอย', 'Mr.', 'Natthawut Luanloy', 'กัส', 'Natthawut.L@successmore.com', 'Scm#1234', '0', '', 0),
(227, 'SM0453', 'เจ้าหน้าที่จัดส่งสินค้า', 'ฝ่ายบริหารคลังสินค้า', 'ลาดกระบัง', 'Online', '1900-01-00', 'นางสาว', 'อรญา ราษฎร์นิยม', 'Miss', 'Oraya Ratniyom', 'บิว', 'Oraya.R@successmore.com', 'Scm#1234', '0', '', 0),
(228, 'SM0454', 'เจ้าหน้าที่คลังสินค้า', 'ฝ่ายบริหารสาขา', 'ชลบุรี', 'Online', '2022-02-22', 'นาย', 'วิทยา จันทร์เพชร', 'Mr.', 'Wittaya janpech', 'อาร์ต', 'Wittaya.J@successmore.com', 'Scm#1234', '0', '', 0),
(229, 'SM0455', 'ผอ.สายงานบัญชีและการเงิน', 'ฝ่ายบริหาร', 'HQ', 'Online', '2022-03-01', 'นาย', 'สุชาติ ธนฐิติพันธ์', 'Mr.', 'Suchart Thanathitiphan', 'บอม', 'Suchart.T@successmore.com', 'Scm#1234', '0', '', 0),
(230, 'SM0456', 'เจ้าหน้าที่บริการลูกค้า', 'ฝ่ายบริหารสาขา', 'รัชโยธิน', 'Online', '2022-03-07', 'นางสาว', 'ชยาภรณ์ แป้นสุข', 'Miss', 'Chayaporn pansuk', 'ป๊อป', 'Chayaporn.P@successmore.com', 'Scm#1234', '0', '', 0),
(231, 'SP0109', 'เจ้าหน้าที่ฝ่ายการตลาด', 'ฝ่ายการตลาด', 'HQ', 'Online', '2022-03-09', 'นางสาว', 'จันจีรา แย้มอ่ำ', 'Miss', 'Janjeera Yaemam', 'ต้นหลิว', 'janjeera@successmore.com', 'Scm#1234', '0', '', 0),
(232, 'SP0110', 'เจ้าหน้าที่ฝ่ายการตลาด', 'ฝ่ายธุรกิจต่างประเทศ', 'HQ', 'Online', '2022-03-09', 'นางสาว', 'นภัสสร หมอเก่ง', 'Miss', 'Napassorn Morkeng', 'มิว', 'Napassorn.M@successmore.com', 'Scm#1234', '0', '', 0),
(233, 'test', 'ball', 'ball', 'ball', 'ball', '2022-03-17', 'ball', 'ball', 'ball', 'ball', 'ball', 'test@gmail.com', '1', '0', '', 0),
(234, 'SP5555', 'test', 'test', 'test', 'test', '2022-03-18', 'test', 'test', 'test', 'test', 'test', 'test@gmail.com', '1', '1234', '', 0),
(235, 'test2', '', 'test2', '', '', '1970-01-01', '', 'test2', '', '', '', 'test2@gmail.com', '1', '1234', '', 0),
(236, 'ball5', '', '', '', '', '1970-01-01', '', '', '', '', '', '', '', '', '0', 0);

-- --------------------------------------------------------

--
-- Table structure for table `log_email`
--

CREATE TABLE `log_email` (
  `id` int(11) NOT NULL,
  `email_send` varchar(100) DEFAULT NULL,
  `email_receiver` varchar(100) DEFAULT NULL,
  `text` varchar(50) DEFAULT NULL,
  `subject` varchar(50) DEFAULT NULL
) ENGINE=InnoDB DEFAULT CHARSET=utf8mb4;

--
-- Dumping data for table `log_email`
--

INSERT INTO `log_email` (`id`, `email_send`, `email_receiver`, `text`, `subject`) VALUES
(1, 'Access Request/ระบบ NAV /System NAV', 'ball.komkanait@gmail.com', 'ขอร้อง NAV', 'SCM Ticket Admin'),
(2, 'Access Request/ขอให้เพิ่ม Product ในระบบ', 'ball.komkanait@gmail.com', 'ขอร้องอื่นๆ', 'SCM Ticket Admin'),
(3, 'test@gmail.com', 'ball.komkanait@gmail.com', 'testtt', 'SCM Ticket Request'),
(4, 'ขอแก้ไขข้อมูลบน Dashboard', 'ball.komkanait@gmail.com', '1', 'SCM Ticket Request');

-- --------------------------------------------------------

--
-- Table structure for table `owner`
--

CREATE TABLE `owner` (
  `id` int(11) NOT NULL,
  `emp_code` varchar(50) NOT NULL,
  `emp_name` varchar(100) NOT NULL,
  `mail` varchar(50) NOT NULL,
  `mobile` varchar(50) NOT NULL,
  `department` varchar(50) NOT NULL,
  `owner_id` int(11) NOT NULL,
  `status` int(11) NOT NULL
) ENGINE=InnoDB DEFAULT CHARSET=utf8mb4;

--
-- Dumping data for table `owner`
--

INSERT INTO `owner` (`id`, `emp_code`, `emp_name`, `mail`, `mobile`, `department`, `owner_id`, `status`) VALUES
(1, 'SP0027', 'อานนท์ เอกทัศน์', 'anon@successmore.com', '0649789863', 'information technology', 1, 0),
(2, 'SP0058', 'พงษ์พันธ์ ห่อทอง', 'Pongpan@successmore.com', '0', 'information technology', 4, 0),
(3, 'SP0079', 'ทรงวุฒิ ระนาดเงิน', 'Songwut@successmore.com', '0', 'information technology', 2, 0),
(4, 'SP0087', 'พีรพล อ่อนอารีย์', 'Peeraphol.O@successmore.com', '0', 'information technology', 1, 0),
(5, 'SP0088', 'ฉัตรชัย บูรณวิเศษกุล', 'Chatchai.B@successmore.com', '0', 'information technology', 3, 0),
(7, 'SP0101', 'ธราวิชญ์ สารเถื่อนแก้ว', 'Tharawit.S@successmore.com', '0', 'information technology', 5, 0),
(8, 'SP0105', 'คมคเนศ บุญเหลือ', 'Komkanait.B@successmore.com', '0', 'information technology', 3, 0);

-- --------------------------------------------------------

--
-- Table structure for table `owner_group`
--

CREATE TABLE `owner_group` (
  `owner_id` int(11) NOT NULL,
  `owner_name` varchar(50) NOT NULL
) ENGINE=InnoDB DEFAULT CHARSET=utf8mb4;

--
-- Dumping data for table `owner_group`
--

INSERT INTO `owner_group` (`owner_id`, `owner_name`) VALUES
(1, 'MIS'),
(2, 'NAV'),
(3, 'DEV'),
(4, 'INFRA'),
(5, 'SUP');

-- --------------------------------------------------------

--
-- Table structure for table `sub_catalog`
--

CREATE TABLE `sub_catalog` (
  `id` int(11) NOT NULL,
  `catalog_id` int(50) NOT NULL,
  `nameTH` varchar(255) NOT NULL,
  `nameEN` varchar(255) NOT NULL,
  `type` int(50) DEFAULT NULL,
  `sub_id` int(11) NOT NULL DEFAULT 0,
  `owner_id` int(11) NOT NULL,
  `sla` int(11) NOT NULL
) ENGINE=InnoDB DEFAULT CHARSET=utf8mb4;

--
-- Dumping data for table `sub_catalog`
--

INSERT INTO `sub_catalog` (`id`, `catalog_id`, `nameTH`, `nameEN`, `type`, `sub_id`, `owner_id`, `sla`) VALUES
(1, 1, 'ขอสร้างข้อมูลบน Dashboard', 'ขอสร้างข้อมูลบน Dashboard', NULL, 0, 1, 12),
(2, 1, 'ขอแก้ไขข้อมูลบน Dashboard', 'ขอแก้ไขข้อมูลบน Dashboard', NULL, 0, 1, 0),
(3, 1, 'จัดทำรายงาน Comission', 'จัดทำรายงาน Comission', NULL, 0, 1, 0),
(4, 1, 'จัดทำรายงาน Repeat Order 204', 'จัดทำรายงาน Repeat Order 204', NULL, 0, 1, 0),
(5, 1, 'จัดทำรายงานบิลแจงของ Member', 'จัดทำรายงานบิลแจงของ Member', NULL, 0, 1, 0),
(6, 1, 'จัดทำรายงานบิลแจงของ Stockiest', 'จัดทำรายงานบิลแจงของ Stockiest', NULL, 0, 1, 0),
(7, 1, 'รายงานข้อมูลการขาย / Sales by Branch', 'รายงานข้อมูลการขาย / Sales by Branch', NULL, 0, 1, 0),
(8, 1, 'รายงานข้อมูลการขาย / Sales by Diamond', 'รายงานข้อมูลการขาย / Sales by Diamond', NULL, 0, 1, 0),
(9, 1, 'รายงานข้อมูลการขาย / Sales by Stockiest', 'รายงานข้อมูลการขาย / Sales by Stockiest', NULL, 0, 1, 0),
(10, 1, 'รายงานข้อมูลการขาย / รายงานการขาย', 'รายงานข้อมูลการขาย / รายงานการขาย', NULL, 0, 1, 0),
(11, 1, 'รายงานข้อมูลนักธุรกิจ / รายงาน Member Ship', 'รายงานข้อมูลนักธุรกิจ / รายงาน Member Ship', NULL, 0, 1, 0),
(12, 1, 'รายงานข้อมูลนักธุรกิจ / รายงาน Qualification ของนักธุรกิจ', 'รายงานข้อมูลนักธุรกิจ / รายงาน Qualification ของนักธุรกิจ', NULL, 0, 1, 0),
(13, 1, 'รายงานข้อมูลนักธุรกิจ / รายงานการขึ้นตำแหน่งของนักธุรกิจ(New Pin)', 'รายงานข้อมูลนักธุรกิจ / รายงานการขึ้นตำแหน่งของนักธุรกิจ(New Pin)', NULL, 0, 1, 0),
(14, 1, 'รายงานข้อมูลนักธุรกิจ / รายงานผู้สมัครใหม่(New member)', 'รายงานข้อมูลนักธุรกิจ / รายงานผู้สมัครใหม่(New member)', NULL, 0, 1, 0),
(15, 1, 'รายงานข้อมูลนักธุรกิจ / รายงานสมาชิกภาพ(Active member)', 'รายงานข้อมูลนักธุรกิจ / รายงานสมาชิกภาพ(Active member)', NULL, 0, 1, 0),
(16, 1, 'รายงานข้อมูลนักธุรกิจ / รายงานสิทธิท่องเที่ยวของนักธุรกิจ', 'รายงานข้อมูลนักธุรกิจ / รายงานสิทธิท่องเที่ยวของนักธุรกิจ', NULL, 0, 1, 0),
(17, 2, 'Access Request/ระบบ NAV /System NAV', 'Access Request/ระบบ NAV /System NAV', NULL, 0, 2, 0),
(18, 2, 'Adjustment Non ปกติ (รับของ)', 'Adjustment Non ปกติ (รับของ)', NULL, 0, 2, 0),
(19, 2, 'INTERFACE TH', 'INTERFACE TH', NULL, 0, 2, 0),
(20, 2, 'Microsoft NAV/Adjustment Stockiest (รับของ)', 'Microsoft NAV/Adjustment Stockiest (รับของ)', NULL, 0, 2, 0),
(21, 2, 'Microsoft NAV/Biosoft', 'Microsoft NAV/Biosoft', NULL, 0, 2, 0),
(22, 2, 'Microsoft NAV/Interface Other', 'Microsoft NAV/Interface Other', NULL, 0, 2, 0),
(23, 2, 'Microsoft NAV/Interface TH', 'Microsoft NAV/Interface TH', NULL, 0, 2, 0),
(24, 2, 'Microsoft NAV/OMC', 'Microsoft NAV/OMC', NULL, 0, 2, 0),
(25, 2, 'Microsoft NAV/Report NAV', 'Microsoft NAV/Report NAV', NULL, 0, 2, 0),
(26, 2, 'Microsoft NAV/กำหนดสิทธิ์การใช้งานระบบ NAV/Set license for NAV system', 'Microsoft NAV/กำหนดสิทธิ์การใช้งานระบบ NAV/Set license for NAV system', NULL, 0, 2, 0),
(27, 2, 'Microsoft NAV/รับหน้าตรง SML / Direct Receiveing/ not in NAV Process', 'Microsoft NAV/รับหน้าตรง SML / Direct Receiveing/ not in NAV Process', NULL, 0, 2, 0),
(28, 2, 'Microsoft NAV/สร้าง Username Password พนักงานใหม่/Create Username Password for new employees', 'Microsoft NAV/สร้าง Username Password พนักงานใหม่/Create Username Password for new employees', NULL, 0, 2, 0),
(29, 2, 'Microsoft NAV/เปลี่ยนแปลงแก้ไขข้อมูลระบบ NAV/Ask to add a product to the system.', 'Microsoft NAV/เปลี่ยนแปลงแก้ไขข้อมูลระบบ NAV/Ask to add a product to the system.', NULL, 0, 2, 0),
(30, 2, 'ขอให้เพิ่ม Product ในระบบ', 'ขอให้เพิ่ม Product ในระบบ', NULL, 0, 2, 0),
(31, 2, 'ปลดล็อค Username หรือ Password ระบบ NAV / Unlock Username or Password NAV', 'ปลดล็อค Username หรือ Password ระบบ NAV / Unlock Username or Password NAV', NULL, 0, 2, 0),
(32, 2, 'ลบ Username Password พนักงาน', 'ลบ Username Password พนักงาน', NULL, 0, 2, 0),
(33, 2, 'ลบ Username Password พนักงานลาออก', 'ลบ Username Password พนักงานลาออก', NULL, 0, 2, 0),
(34, 2, 'สร้าง Username Password พนักงานใหม่', 'สร้าง Username Password พนักงานใหม่', NULL, 0, 2, 0),
(35, 2, 'เปลี่ยนแปลงแก้ไขข้อมูลระบบ NAV', 'เปลี่ยนแปลงแก้ไขข้อมูลระบบ NAV', NULL, 0, 2, 0),
(36, 3, 'Access Request/ระบบ POS/System POS', 'Access Request/ระบบ POS/System POS', NULL, 0, 1, 0),
(37, 3, 'Application / ขอเพิ่ม Function บน POS', 'Application / ขอเพิ่ม Function บน POS', NULL, 0, 1, 0),
(38, 3, 'Application / ขอเพิ่มรายงานบน POS', 'Application / ขอเพิ่มรายงานบน POS', NULL, 0, 1, 0),
(39, 3, 'Application / ขอแก้ไข Function บน POS', 'Application / ขอแก้ไข Function บน POS', NULL, 0, 1, 0),
(40, 3, 'Application / ขอแก้ไขรายงานบน POS', 'Application / ขอแก้ไขรายงานบน POS', NULL, 0, 1, 0),
(41, 3, 'Commission / ขอ Adjust Commission', 'Commission / ขอ Adjust Commission', NULL, 0, 1, 0),
(42, 3, 'Commission / ขอตรวจสอบค่า Commission', 'Commission / ขอตรวจสอบค่า Commission', NULL, 0, 1, 0),
(43, 3, 'Commission / ขอรายงานการจ่ายค่า Commssion', 'Commission / ขอรายงานการจ่ายค่า Commssion', NULL, 0, 1, 0),
(44, 3, 'Member / Application', 'Member / Application', NULL, 0, 1, 0),
(45, 3, 'Member / Payment Gateway', 'Member / Payment Gateway', NULL, 0, 1, 0),
(46, 3, 'Member / Stock On Hand', 'Member / Stock On Hand', NULL, 0, 1, 0),
(47, 3, 'Member / ขอตวรจสอบข้อมูลสมาชิก', 'Member / ขอตวรจสอบข้อมูลสมาชิก', NULL, 0, 1, 0),
(48, 3, 'Member / ขอเปลี่ยนแปลง Locationbase', 'Member / ขอเปลี่ยนแปลง Locationbase', NULL, 0, 1, 0),
(49, 3, 'Member / ขอแก้ไขข้อมูลผู้แนะนำ', 'Member / ขอแก้ไขข้อมูลผู้แนะนำ', NULL, 0, 1, 0),
(50, 3, 'Member / ข้อมูลการติดต่อ', 'Member / ข้อมูลการติดต่อ', NULL, 0, 1, 0),
(51, 3, 'Member / ชื่อ-สกุล', 'Member / ชื่อ-สกุล', NULL, 0, 1, 0),
(52, 3, 'Member / ที่อยู่ในการออกใบกำกับภาษี', 'Member / ที่อยู่ในการออกใบกำกับภาษี', NULL, 0, 1, 0),
(53, 3, 'Member / บัตรประจำตัวประชาชน', 'Member / บัตรประจำตัวประชาชน', NULL, 0, 1, 0),
(54, 3, 'Payment Gateway / ขอตรวจสอบ Transaction Payment', 'Payment Gateway / ขอตรวจสอบ Transaction Payment', NULL, 0, 1, 0),
(55, 3, 'Payment Gateway / ขอยกเลิก Transaction Payment', 'Payment Gateway / ขอยกเลิก Transaction Payment', NULL, 0, 1, 0),
(56, 3, 'Payment Gateway / ขอรายงาน Transaction Payment', 'Payment Gateway / ขอรายงาน Transaction Payment', NULL, 0, 1, 0),
(57, 3, 'Payment Gateway / ขอแก้ไขข้อมูล Transaction Payment', 'Payment Gateway / ขอแก้ไขข้อมูล Transaction Payment', NULL, 0, 1, 0),
(58, 3, 'Sales / ขอตรวจสอบ Transaction Bill', 'Sales / ขอตรวจสอบ Transaction Bill', NULL, 0, 1, 0),
(59, 3, 'Sales / ขอยกเลิก Bill(กรณีข้ามรอบ)', 'Sales / ขอยกเลิก Bill(กรณีข้ามรอบ)', NULL, 0, 1, 0),
(60, 3, 'Sales / ขอรายงานการขาย', 'Sales / ขอรายงานการขาย', NULL, 0, 1, 0),
(61, 3, 'Sales / ขอแก้ไขข้อมูล', 'Sales / ขอแก้ไขข้อมูล', NULL, 0, 1, 0),
(62, 3, 'Stock On Hand / ขอตรวจสอบ Stock Movement', 'Stock On Hand / ขอตรวจสอบ Stock Movement', NULL, 0, 1, 0),
(63, 3, 'Stock On Hand / ขอแก้ไข Stock On Hand', 'Stock On Hand / ขอแก้ไข Stock On Hand', NULL, 0, 1, 0),
(64, 3, 'Stockist / Application', 'Stockist / Application', NULL, 0, 1, 0),
(65, 3, 'Stockist / Payment Gateway', 'Stockist / Payment Gateway', NULL, 0, 1, 0),
(66, 3, 'Stockist / Stock On Hand', 'Stockist / Stock On Hand', NULL, 0, 1, 0),
(67, 3, 'Stockist / ขอ Reset Password Stockist', 'Stockist / ขอ Reset Password Stockist', NULL, 0, 1, 0),
(68, 3, 'Stockist / ขอปิด Stockist', 'Stockist / ขอปิด Stockist', NULL, 0, 1, 0),
(69, 3, 'Stockist / ขอสร้าง Stockist', 'Stockist / ขอสร้าง Stockist', NULL, 0, 1, 0),
(70, 3, 'Stockist / ขอแก้ไขข้อมูล Stockist', 'Stockist / ขอแก้ไขข้อมูล Stockist', NULL, 0, 1, 0),
(71, 3, 'ขอทำการ Blacklist', 'ขอทำการ Blacklist', NULL, 0, 1, 0),
(72, 3, 'ขอทำการ Suspend', 'ขอทำการ Suspend', NULL, 0, 1, 0),
(73, 3, 'ขอทำการ Terminate', 'ขอทำการ Terminate', NULL, 0, 1, 0),
(74, 3, 'ขอปลด Lock สมัครใหม่', 'ขอปลด Lock สมัครใหม่', NULL, 0, 1, 0),
(75, 3, 'ขอสร้าง Code Promotion', 'ขอสร้าง Code Promotion', NULL, 0, 1, 0),
(76, 3, 'ขอให้เพิ่ม Product ในระบบ POS', 'ขอให้เพิ่ม Product ในระบบ POS', NULL, 0, 1, 0),
(77, 3, 'จัดทำรายงาน Frist Order', 'จัดทำรายงาน Frist Order', NULL, 0, 1, 0),
(78, 3, 'ปรับ Stock', 'ปรับ Stock', NULL, 0, 1, 0),
(79, 3, 'ปลดล็อค Username หรือ Password ระบบ POS', 'ปลดล็อค Username หรือ Password ระบบ POS', NULL, 0, 1, 0),
(80, 3, 'ลบ Username Password พนักงานลาออก', 'ลบ Username Password พนักงานลาออก', NULL, 0, 1, 0),
(81, 3, 'สร้าง stockist', 'สร้าง stockist', NULL, 0, 1, 0),
(82, 3, 'สร้าง Username Password พนักงานใหม่', 'สร้าง Username Password พนักงานใหม่', NULL, 0, 1, 0),
(83, 3, 'เพิ่มสวัสดิการพนักงาน', 'เพิ่มสวัสดิการพนักงาน', NULL, 0, 1, 0),
(84, 4, 'Access Request/Switch / Hub', 'Access Request/Switch / Hub', NULL, 0, 4, 0),
(85, 4, 'Access Request/ขอให้เพิ่ม Product ในระบบ', 'Access Request/ขอให้เพิ่ม Product ในระบบ', NULL, 0, 4, 0),
(86, 4, 'Access Request/ระบบ Biosoft /Biosoft System', 'Access Request/ระบบ Biosoft /Biosoft System', NULL, 0, 4, 0),
(87, 4, 'Access Request/ระบบ Email/Email System', 'Access Request/ระบบ Email/Email System', NULL, 0, 4, 0),
(88, 4, 'Access Request/ระบบฐานข้อมูล/System Dababase', 'Access Request/ระบบฐานข้อมูล/System Dababase', NULL, 0, 4, 0),
(89, 4, 'Access Request/ระบบอื่นๆ/System Other', 'Access Request/ระบบอื่นๆ/System Other', NULL, 0, 4, 0),
(90, 4, 'Access Request/ล้างเครื่องปรับอากาศห้อง Server', 'Access Request/ล้างเครื่องปรับอากาศห้อง Server', NULL, 0, 4, 0),
(91, 4, 'ccess Request/เปิดการใช้ User ระบบของพนักงานที่ลาออก/Enable to use User system for employees who have resigned.', 'ccess Request/เปิดการใช้ User ระบบของพนักงานที่ลาออก/Enable to use User system for employees who have resigned.', NULL, 0, 4, 0),
(92, 4, 'Access Request/แก้ไขระบบ Server', 'Access Request/แก้ไขระบบ Server', NULL, 0, 4, 0),
(93, 4, 'Alphamatrics', 'Alphamatrics', NULL, 0, 4, 0),
(94, 4, 'Backup ข้อมูล', 'Backup ข้อมูล', NULL, 0, 4, 0),
(95, 4, 'Create schedule backup', 'Create schedule backup', NULL, 0, 4, 0),
(96, 4, 'Restore ข้อมูล', 'Restore ข้อมูล', NULL, 0, 4, 0),
(97, 4, 'setup profile computer พนักงานใหม่', 'setup profile computer พนักงานใหม่', NULL, 0, 4, 0),
(98, 4, 'VM Ware System', 'VM Ware System', NULL, 0, 4, 0),
(99, 4, 'Web Development', 'Web Development', NULL, 0, 4, 0),
(100, 4, 'Web Editing', 'Web Editing', NULL, 0, 4, 0),
(101, 4, 'การเข้าใช้งานกล้องวจรปิด', 'การเข้าใช้งานกล้องวจรปิด', NULL, 0, 4, 0),
(102, 4, 'ขอคอมพิมเตอร์ หรือ อุปกรณ์ใหม่ ทดแทนเครื่องเดิมที่ใช้งานอยู่', 'ขอคอมพิมเตอร์ หรือ อุปกรณ์ใหม่ ทดแทนเครื่องเดิมที่ใช้งานอยู่', NULL, 0, 4, 0),
(103, 4, 'ขอคอมพิมเตอร์ หรือ อุปกรณ์ใหม่ สำหรับ พนักงานเข้าใหม่', 'ขอคอมพิมเตอร์ หรือ อุปกรณ์ใหม่ สำหรับ พนักงานเข้าใหม่', NULL, 0, 4, 0),
(104, 4, 'ขอรายชื่อ Email', 'ขอรายชื่อ Email', NULL, 0, 4, 0),
(105, 4, 'ขอเพิ่มโควต้าการจัดเก็บ Email', 'ขอเพิ่มโควต้าการจัดเก็บ Email', NULL, 0, 4, 0),
(106, 4, 'ขอเพิ่มโควต้าการจัดเก็บข้อมูลของคอมพิมเตอร์', 'ขอเพิ่มโควต้าการจัดเก็บข้อมูลของคอมพิมเตอร์', NULL, 0, 4, 0),
(107, 4, 'ขอเพิ่มโควต้าการจัดเก็บข้อมูลใน Share Drive', 'ขอเพิ่มโควต้าการจัดเก็บข้อมูลใน Share Drive', NULL, 0, 4, 0),
(108, 4, 'ขอเอกสารอื่นๆ\r\n', 'ขอเอกสารอื่นๆ\r\n', NULL, 0, 4, 0),
(109, 4, 'ปลดล็อค Username หรือ Password ระบบ Email', 'ปลดล็อค Username หรือ Password ระบบ Email', NULL, 0, 4, 0),
(110, 4, 'ปลดล็อค Username หรือ Password ระบบ Login Computer', 'ปลดล็อค Username หรือ Password ระบบ Login Computer', NULL, 0, 4, 0),
(111, 4, 'ปิดระบบพนักงานลาออก', 'ปิดระบบพนักงานลาออก', NULL, 0, 4, 0),
(112, 4, 'ระบบ POS/กำหนดสิทธิ์การใช้งานระบบ POS/Set license for POS system', 'ระบบ POS/กำหนดสิทธิ์การใช้งานระบบ POS/Set license for POS system', NULL, 0, 4, 0),
(113, 4, 'ลง Windows ใหม่', 'ลง Windows ใหม่', NULL, 0, 4, 0),
(114, 4, 'ลงโปรแกรมเพิ่มเติม', 'ลงโปรแกรมเพิ่มเติม', NULL, 0, 4, 0),
(115, 4, 'ลบ Username Password พนักงานลาออก', 'ลบ Username Password พนักงานลาออก', NULL, 0, 4, 0),
(116, 4, 'ลบโปรแกรม\r\n', 'ลบโปรแกรม\r\n', NULL, 0, 4, 0),
(117, 4, 'สร้าง Email และ Login Computer พนักงานใหม่', 'สร้าง Email และ Login Computer พนักงานใหม่', NULL, 0, 4, 0),
(118, 4, 'สร้าง Group Email ใหม่', 'สร้าง Group Email ใหม่', NULL, 0, 4, 0),
(119, 4, 'เตรียมเครื่องคอมพิวเตอร์ใหม่ให้พนักงาน', 'เตรียมเครื่องคอมพิวเตอร์ใหม่ให้พนักงาน', NULL, 0, 4, 0),
(120, 4, 'เปิดใช้งาน Software/Activate Software', 'เปิดใช้งาน Software/Activate Software', NULL, 0, 4, 0),
(121, 4, 'เพิ่ม Printer', 'เพิ่ม Printer', NULL, 0, 4, 0),
(122, 4, 'แนะนำการใช้งานโปรแกรม', 'แนะนำการใช้งานโปรแกรม', NULL, 0, 4, 0),
(123, 5, 'Access Request/F1', 'Access Request/F1', NULL, 0, 5, 0),
(124, 5, 'Access Request/Server', 'Access Request/Server', NULL, 0, 5, 0),
(125, 5, 'Hardware/ต่อ WIFI ไม่ได้/Can\'t connect to WIFI', 'Hardware/ต่อ WIFI ไม่ได้/Can\'t connect to WIFI', NULL, 0, 5, 0),
(126, 5, 'Microsoft Office', 'Microsoft Office', NULL, 0, 5, 0),
(127, 5, 'SCAN เอกสารไม่ได้', 'SCAN เอกสารไม่ได้', NULL, 0, 5, 0),
(128, 5, 'SYSTEM/ตรวจสอบ SYSTEM & Server/Check SYSTEM & Server', 'SYSTEM/ตรวจสอบ SYSTEM & Server/Check SYSTEM & Server', NULL, 0, 5, 0),
(129, 5, 'คอมพิวเตอร์เปิดไม่ติด', 'คอมพิวเตอร์เปิดไม่ติด', NULL, 0, 5, 0),
(130, 5, 'ต่ออินเตอร์เน็ตไม่ได้', 'ต่ออินเตอร์เน็ตไม่ได้', NULL, 0, 5, 0),
(131, 5, 'ปริ้นท์งานไม่ได้\r\n', 'ปริ้นท์งานไม่ได้\r\n', NULL, 0, 5, 0),
(132, 5, 'ปัญหาการเชื่อมต่อ VPN', 'ปัญหาการเชื่อมต่อ VPN', NULL, 0, 5, 0),
(133, 5, 'ปัญหาการใช้งาน Share Drive', 'ปัญหาการใช้งาน Share Drive', NULL, 0, 5, 0),
(134, 5, 'ปัญหาหารใช้งาน Software', 'ปัญหาหารใช้งาน Software', NULL, 0, 5, 0),
(135, 5, 'อินเตอร์เน็ตช้า', 'อินเตอร์เน็ตช้า', NULL, 0, 5, 0),
(136, 5, 'เครื่องทำงานช้า', 'เครื่องทำงานช้า', NULL, 0, 5, 0),
(137, 5, 'แก้ไขปัญหาการใช้งาน Email/Fix problems with using Email', 'แก้ไขปัญหาการใช้งาน Email/Fix problems with using Email', NULL, 0, 5, 0),
(138, 5, 'ไม่สามารถเข้าระบบ POS ได้\r\n', 'ไม่สามารถเข้าระบบ POS ได้\r\n', NULL, 0, 5, 0),
(139, 5, 'ไม่สามารถใช้ระบบสแกนฝ่ายบุคคลได้', 'ไม่สามารถใช้ระบบสแกนฝ่ายบุคคลได้', NULL, 0, 5, 0);

-- --------------------------------------------------------

--
-- Table structure for table `ticket`
--

CREATE TABLE `ticket` (
  `id` int(11) NOT NULL,
  `department` text DEFAULT NULL,
  `employee_code` varchar(30) NOT NULL,
  `nameTH` varchar(50) NOT NULL,
  `tel` varchar(20) NOT NULL,
  `service` varchar(100) DEFAULT NULL,
  `subservice` varchar(100) DEFAULT NULL,
  `file_upload` varchar(100) DEFAULT NULL,
  `detail` varchar(100) NOT NULL,
  `status` int(10) DEFAULT 2,
  `level` int(5) NOT NULL DEFAULT 3,
  `created` datetime DEFAULT NULL,
  `updated` datetime DEFAULT NULL,
  `uid` int(50) DEFAULT NULL,
  `owner_id` int(11) NOT NULL
) ENGINE=InnoDB DEFAULT CHARSET=utf8mb4;

--
-- Dumping data for table `ticket`
--

INSERT INTO `ticket` (`id`, `department`, `employee_code`, `nameTH`, `tel`, `service`, `subservice`, `file_upload`, `detail`, `status`, `level`, `created`, `updated`, `uid`, `owner_id`) VALUES
(1, 'ฝ่ายบริหาร', 'SP0001', 'สิทธวีร์ เกียรติชวนันต์', '123456789', 'ขอร้องอื่นๆ', 'Access Request/ขอให้เพิ่ม Product ในระบบ', 'Screen Shot 2565-03-31 at 15.51.30.png', 'xx22', 3, 3, '2022-03-31 16:15:03', '2022-04-01 13:49:04', 1, 1),
(2, 'ฝ่ายบริหาร', 'SP0001', 'สิทธวีร์ เกียรติชวนันต์', '1234', 'ขอร้องอื่นๆ', 'Access Request/ระบบ Email/Email System', '', 'test2', 2, 3, '2022-03-31 16:51:52', '2022-03-31 16:51:52', 1, 4),
(3, 'ฝ่ายบริหารคลังสินค้า', 'SM0005', 'สิทธิโชค ดุลหลัง', '123456789', 'ขอร้อง MIS', 'ขอแก้ไขข้อมูลบน Dashboard', '', 'test mis', 2, 3, '2022-04-01 14:18:09', '2022-04-01 14:18:09', 12, 1);

-- --------------------------------------------------------

--
-- Table structure for table `ticket_detail`
--

CREATE TABLE `ticket_detail` (
  `id` int(11) NOT NULL,
  `emp_code` text NOT NULL,
  `name` text DEFAULT NULL,
  `department` varchar(50) DEFAULT NULL,
  `tel` varchar(50) DEFAULT NULL,
  `email` varchar(50) DEFAULT NULL,
  `service` varchar(100) DEFAULT NULL,
  `subservice` varchar(100) DEFAULT NULL,
  `level` int(10) DEFAULT 0,
  `detail` varchar(255) DEFAULT NULL,
  `solution` varchar(255) DEFAULT NULL,
  `owner` varchar(100) DEFAULT NULL,
  `status` int(10) DEFAULT 1,
  `sla` int(100) DEFAULT NULL,
  `created` datetime DEFAULT NULL,
  `updated` datetime DEFAULT NULL,
  `uid` int(11) DEFAULT NULL
) ENGINE=InnoDB DEFAULT CHARSET=utf8mb4;

--
-- Dumping data for table `ticket_detail`
--

INSERT INTO `ticket_detail` (`id`, `emp_code`, `name`, `department`, `tel`, `email`, `service`, `subservice`, `level`, `detail`, `solution`, `owner`, `status`, `sla`, `created`, `updated`, `uid`) VALUES
(1, 'SP0001', 'สิทธวีร์ เกียรติชวนันต์', 'ฝ่ายบริหาร', '123456789', 'Komkanait.B@successmore.com1', 'ขอร้องอื่นๆ', 'Access Request/ขอให้เพิ่ม Product ในระบบ', 3, 'xx22', 'zz33', 'SP0058', 3, 0, '2022-04-01 13:46:46', '2022-04-01 13:49:04', 220),
(2, 'SP0001', 'สิทธวีร์ เกียรติชวนันต์', 'ฝ่ายบริหาร', '123456789', 'Komkanait.B@successmore.com1', 'ขอร้องอื่นๆ', 'Access Request/ขอให้เพิ่ม Product ในระบบ', 3, 'xx22', 'zz33', 'SP0058', 3, 0, '2022-04-01 13:49:04', NULL, 220);

--
-- Indexes for dumped tables
--

--
-- Indexes for table `catalog_id`
--
ALTER TABLE `catalog_id`
  ADD PRIMARY KEY (`id`);

--
-- Indexes for table `employee`
--
ALTER TABLE `employee`
  ADD PRIMARY KEY (`id`);

--
-- Indexes for table `log_email`
--
ALTER TABLE `log_email`
  ADD PRIMARY KEY (`id`);

--
-- Indexes for table `owner`
--
ALTER TABLE `owner`
  ADD PRIMARY KEY (`id`);

--
-- Indexes for table `owner_group`
--
ALTER TABLE `owner_group`
  ADD PRIMARY KEY (`owner_id`);

--
-- Indexes for table `sub_catalog`
--
ALTER TABLE `sub_catalog`
  ADD PRIMARY KEY (`id`);

--
-- Indexes for table `ticket`
--
ALTER TABLE `ticket`
  ADD PRIMARY KEY (`id`);

--
-- Indexes for table `ticket_detail`
--
ALTER TABLE `ticket_detail`
  ADD PRIMARY KEY (`id`);

--
-- AUTO_INCREMENT for dumped tables
--

--
-- AUTO_INCREMENT for table `catalog_id`
--
ALTER TABLE `catalog_id`
  MODIFY `id` int(11) NOT NULL AUTO_INCREMENT, AUTO_INCREMENT=7;

--
-- AUTO_INCREMENT for table `employee`
--
ALTER TABLE `employee`
  MODIFY `id` int(255) NOT NULL AUTO_INCREMENT, AUTO_INCREMENT=237;

--
-- AUTO_INCREMENT for table `log_email`
--
ALTER TABLE `log_email`
  MODIFY `id` int(11) NOT NULL AUTO_INCREMENT, AUTO_INCREMENT=5;

--
-- AUTO_INCREMENT for table `owner`
--
ALTER TABLE `owner`
  MODIFY `id` int(11) NOT NULL AUTO_INCREMENT, AUTO_INCREMENT=9;

--
-- AUTO_INCREMENT for table `owner_group`
--
ALTER TABLE `owner_group`
  MODIFY `owner_id` int(11) NOT NULL AUTO_INCREMENT, AUTO_INCREMENT=6;

--
-- AUTO_INCREMENT for table `sub_catalog`
--
ALTER TABLE `sub_catalog`
  MODIFY `id` int(11) NOT NULL AUTO_INCREMENT, AUTO_INCREMENT=146;

--
-- AUTO_INCREMENT for table `ticket`
--
ALTER TABLE `ticket`
  MODIFY `id` int(11) NOT NULL AUTO_INCREMENT, AUTO_INCREMENT=4;

--
-- AUTO_INCREMENT for table `ticket_detail`
--
ALTER TABLE `ticket_detail`
  MODIFY `id` int(11) NOT NULL AUTO_INCREMENT, AUTO_INCREMENT=3;
COMMIT;

/*!40101 SET CHARACTER_SET_CLIENT=@OLD_CHARACTER_SET_CLIENT */;
/*!40101 SET CHARACTER_SET_RESULTS=@OLD_CHARACTER_SET_RESULTS */;
/*!40101 SET COLLATION_CONNECTION=@OLD_COLLATION_CONNECTION */;
